first_order_date,last_order_date,orders,quantity,revenue,postal_code,city,country,today,days_since_order,id,order_ids
2017-07-25 08:03:53,2017-07-25 08:03:53,4,9,40.57,1509GP,Zaandam,NL,2020-06-18 00:00:00,NaT,2239494964570881686,1478727216377870648
2018-02-21 20:40:44,2018-02-21 20:40:44,4,7,93.79,2151KV,Nieuw-Vennep,NL,2020-06-18 00:00:00,NaT,2236530259561204867,7439576930578883431
2017-09-26 08:46:32,2017-09-26 08:46:32,5,6,254.5,7361ET,Beekbergen,NL,2020-06-18 00:00:00,995 ,16345102021806026516,376077500108802426
2017-09-27 15:35:54,2017-09-27 15:35:54,1,1,5.37,6216BW,Maastricht,NL,2020-06-18 00:00:00,994 ,13468216973299895554,975545377752792286
2020-03-10 14:10:00,2020-03-10 14:10:00,1,3,29.0,3024 AC,Rotterdam,NL,2020-06-18 00:00:00,99 ,1535920729230190226,1292319315654061820
2020-03-10 12:31:00,2020-03-10 12:31:00,1,3,29.0,1091 GN,Amsterdam,NL,2020-06-18 00:00:00,99 ,12705440974142990385,11069546246983745194
2017-10-07 07:21:12,2017-10-07 07:21:12,2,2,21.0,1054XR,Amsterdam,NL,2020-06-18 00:00:00,984 ,11394572983796261399,5505578769432713143
2017-10-10 11:29:03,2017-10-10 11:29:03,1,2,6.6,3571PG,Utrecht,NL,2020-06-18 00:00:00,981 ,346945013645234048,9668552043494710430
2020-03-11 17:55:00,2020-03-11 17:55:00,1,4,37.0,1079 TT,Amsterdam,NL,2020-06-18 00:00:00,98 ,4359128224680238555,122495781477083370
2020-03-11 17:22:00,2020-03-11 17:22:00,1,4,37.0,6707 BM,wageningen,NL,2020-06-18 00:00:00,98 ,13373444164884789504,14317093005623099230
2017-10-18 21:38:08,2017-10-18 21:38:08,1,1,14.15,5521SL,Eersel,NL,2020-06-18 00:00:00,973 ,5438540517093064915,14365772238522984900
2017-10-18 11:12:09,2017-10-18 11:12:09,1,1,28.3,2564LB,s-Gravenhage,NL,2020-06-18 00:00:00,973 ,7874353386780082535,8076418742311107000
2017-10-18 11:35:49,2017-10-18 11:35:49,1,1,3.3,1446ET,Purmerend,NL,2020-06-18 00:00:00,973 ,9915480645029816112,5457930859913977195
2017-10-27 22:37:22,2017-10-27 22:37:22,1,1,6.61,2031BJ,Haarlem,NL,2020-06-18 00:00:00,964 ,15459858268282578268,5390173476095124185
2017-10-17 08:01:21,2017-10-30 15:21:55,2,5,11.89,5231AB,s-Hertogenbosch,NL,2020-06-18 00:00:00,961 ,9571302513420156004,1574886305787780124
2017-10-31 13:37:15,2017-10-31 13:37:15,1,2,13.22,4142CL,Leerdam,NL,2020-06-18 00:00:00,960 ,12253154280878216102,1849574821759328627
2017-11-01 16:19:16,2017-11-01 16:19:16,2,2,29.76,3261WC,Oud-Beijerland,NL,2020-06-18 00:00:00,959 ,8389433123821870740,4474699237446686985
2017-11-09 12:44:16,2017-11-09 12:44:16,5,5,37.75,6851LS,Huissen,NL,2020-06-18 00:00:00,951 ,5745376889599413881,13926424469330028106
2017-11-14 22:11:12,2017-11-14 22:11:12,1,1,28.3,2586AT,s-Gravenhage,NL,2020-06-18 00:00:00,946 ,7254526586606125689,13818023090215086427
2017-11-20 07:43:30,2017-11-20 07:43:30,2,2,56.6,1077XX,Amsterdam,NL,2020-06-18 00:00:00,940 ,9840530072383975403,15797485214238822680
2017-11-22 19:28:47,2017-11-22 19:28:47,2,2,56.6,3817SL,Amersfoort,NL,2020-06-18 00:00:00,938 ,7312778851432086180,13707314041011745429
2017-11-23 23:27:24,2017-11-23 23:27:24,5,5,172.35,3031CK,Rotterdam,NL,2020-06-18 00:00:00,937 ,8533653664378066306,15788567094984130504
2017-11-28 22:25:18,2020-04-18 14:22:00,2,2,10.97,1078MJ,Amsterdam,NL,2020-06-18 00:00:00,932 ,2240778649864075061,4314210098438360105
2017-11-28 18:12:34,2017-11-28 18:12:34,2,2,56.6,5988BN,Helden,NL,2020-06-18 00:00:00,932 ,6882005079910082657,2945156721162881915
2017-12-10 20:23:45,2017-12-10 20:23:45,2,2,59.02,3991ZC,Houten,NL,2020-06-18 00:00:00,920 ,13326389064459893468,5607918620997681240
2017-12-16 22:31:00,2017-12-16 22:31:00,1,1,20.75,1082RA,Amsterdam,NL,2020-06-18 00:00:00,914 ,16660241890108449832,10448982656320903546
2017-12-16 12:18:55,2017-12-16 12:18:55,1,1,30.58,3054GC,Rotterdam,NL,2020-06-18 00:00:00,914 ,7526568948492946631,12223373064683424891
2017-12-19 12:48:14,2017-12-19 12:48:14,1,10,33.02,1911TP,Uitgeest,NL,2020-06-18 00:00:00,911 ,16994241850132210949,5445141770993854662
2017-12-22 19:09:42,2017-12-22 19:09:42,1,1,0.0,2265EJ,Leidschendam,NL,2020-06-18 00:00:00,908 ,9230181895094852958,1029621834394362620
2017-12-23 20:03:54,2017-12-23 20:03:54,1,1,28.93,1055ED,Amsterdam,NL,2020-06-18 00:00:00,907 ,16275329372658018076,2032494758560104090
2017-12-24 13:38:37,2017-12-24 13:38:37,1,1,0.0,1715VZ,Spanbroek,NL,2020-06-18 00:00:00,906 ,11847015031525240962,5062953961399570061
2017-12-26 00:07:46,2017-12-26 00:07:46,1,1,13.22,9601EL,Hoogezand,NL,2020-06-18 00:00:00,904 ,1299491386349202029,15421873345545042849
2017-12-26 23:31:27,2017-12-26 23:31:27,1,1,28.93,3021AN,Rotterdam,NL,2020-06-18 00:00:00,904 ,13859981376881868874,8565350966130669757
2017-11-27 21:29:14,2017-12-27 18:51:30,4,4,120.3,3434BL,Nieuwegein,NL,2020-06-18 00:00:00,903 ,3679981798168526090,3439822718777378482
2017-12-30 16:44:18,2017-12-30 16:44:18,2,2,39.66,6373VD,Landgraaf,NL,2020-06-18 00:00:00,900 ,16499261267568782711,7589245453433781691
2020-03-19 21:01:00,2020-03-19 21:01:00,1,1,38.0,1081 AJ,Amsterdam,NL,2020-06-18 00:00:00,90 ,11937225353921926984,17812343335598832820
2020-03-19 13:28:00,2020-03-19 13:28:00,1,3,29.0,7076 AK,Varsselder,NL,2020-06-18 00:00:00,90 ,3684490861297729777,13148567190346715204
2020-06-08 09:22:00,2020-06-08 09:22:00,1,3,41.0,4543 CC,Zaamslag,NL,2020-06-18 00:00:00,9 ,4883061645159069087,17670397250271557163
2020-06-08 11:45:00,2020-06-08 11:45:00,1,6,58.0,2491 AM,Den Haag,NL,2020-06-18 00:00:00,9 ,12258020927357791385,10710987199304174261
2020-06-08 11:47:00,2020-06-08 11:47:00,1,3,29.0,3328 CA,Dordrecht,NL,2020-06-18 00:00:00,9 ,15840925798011199264,8835628587970474114
2018-01-05 08:34:45,2018-01-05 08:34:45,1,1,0.0,1218CH,Hilversum,NL,2020-06-18 00:00:00,894 ,5645746409983452002,7122854238938775461
2018-01-06 10:06:03,2018-01-06 10:06:03,1,1,0.0,3438HS,Nieuwegein,NL,2020-06-18 00:00:00,893 ,5197138409636043754,3916864345794857226
2018-01-07 12:22:46,2018-01-07 12:22:46,1,1,28.93,1016ED,Amsterdam,NL,2020-06-18 00:00:00,892 ,3194210167456997197,6052685003856661976
2018-01-07 14:26:21,2018-01-07 14:26:21,1,1,18.18,2511VD,s-Gravenhage,NL,2020-06-18 00:00:00,892 ,3721758385498203603,16095501375047367866
2018-01-08 14:07:49,2018-01-08 14:07:49,2,2,55.24,5709ML,Helmond,NL,2020-06-18 00:00:00,891 ,16466304371294925803,13663998364631000483
2020-03-20 18:25:00,2020-03-20 18:25:00,1,3,29.0,2713 GM,Zoetermeer,NL,2020-06-18 00:00:00,89 ,3618884618352770677,6986554862389890514
2018-01-11 11:44:23,2018-01-11 11:44:23,1,1,33.06,7002AB,Doetinchem,NL,2020-06-18 00:00:00,888 ,12358838909437607362,3680691510598967914
2018-01-14 19:09:03,2018-01-14 19:09:03,1,1,18.18,7451NJ,Holten,NL,2020-06-18 00:00:00,885 ,12712846881393632358,10378717792344443655
2020-03-21 16:23:00,2020-03-21 16:23:00,1,3,29.0,6661 ZD,Elst,NL,2020-06-18 00:00:00,88 ,4537976189775315891,11024495179658773061
2018-01-21 23:41:48,2018-01-21 23:41:48,1,1,6.61,1473PA,Warder,NL,2020-06-18 00:00:00,878 ,9267784002555643614,9535122955060441160
2018-01-21 08:52:41,2018-01-21 08:52:41,1,1,0.0,7751AX,Dalen,NL,2020-06-18 00:00:00,878 ,5836966852654929115,17619869571904194346
2018-01-25 21:19:04,2018-01-25 21:19:04,1,1,0.0,3706CE,Zeist,NL,2020-06-18 00:00:00,874 ,5273744659427732651,14008835755866690302
2018-01-25 22:44:31,2018-01-25 22:44:31,2,3,98.2,6373KR,Landgraaf,NL,2020-06-18 00:00:00,874 ,2798987250482298213,6972489348037726289
2018-01-26 22:34:07,2018-01-26 22:34:07,3,3,54.54,2991PA,Barendrecht,NL,2020-06-18 00:00:00,873 ,1272038904073498636,9068722456932176280
2018-01-28 22:16:28,2018-01-28 22:16:28,1,2,36.36,3452JM,Vleuten,NL,2020-06-18 00:00:00,871 ,15198853021870136244,13557024624653493796
2020-03-22 17:03:00,2020-03-22 17:03:00,1,3,29.0,3025 TR,Rotterdam,NL,2020-06-18 00:00:00,87 ,16709617491566931418,11753758070759167103
2020-03-22 21:25:00,2020-03-22 21:25:00,1,3,29.0,2151 SE,Nieuw-Vennep,NL,2020-06-18 00:00:00,87 ,16112874857295984548,3981840034600247153
2017-10-12 07:16:34,2018-01-31 06:17:08,2,2,16.62,2574TV,s-Gravenhage,NL,2020-06-18 00:00:00,868 ,13371783895660101916,4597125713360119240
2018-02-04 22:46:30,2018-02-04 22:46:30,1,1,0.0,2406VS,Alphen aan den Rijn,NL,2020-06-18 00:00:00,864 ,13091956576334075038,12963099016462011449
2018-02-05 14:23:31,2018-02-06 18:49:17,2,2,13.21,1931VT,Egmond aan Zee,NL,2020-06-18 00:00:00,862 ,17530305286758108786,9620243978579480661
2020-03-23 16:48:00,2020-03-23 16:48:00,1,3,29.0,5708 KA,Helmond,NL,2020-06-18 00:00:00,86 ,1468030583000555164,10510035890261036612
2018-02-12 12:00:26,2018-02-12 12:00:26,1,1,9.43,2841DJ,Moordrecht,NL,2020-06-18 00:00:00,856 ,16051011388178828710,2351934773502266075
2018-02-14 13:10:10,2018-02-14 13:10:10,2,2,29.76,1056HR,Amsterdam,NL,2020-06-18 00:00:00,854 ,17539663541428306000,5074735302690956270
2018-02-16 22:48:48,2018-02-16 22:48:48,1,1,24.79,3841EH,Harderwijk,NL,2020-06-18 00:00:00,852 ,14333246814542581073,2822029054631586289
2018-02-17 13:49:38,2018-02-17 13:49:38,1,1,12.4,2341JP,Oegstgeest,NL,2020-06-18 00:00:00,851 ,11435400903175642810,3654956307906828222
2018-02-18 09:54:46,2018-02-18 09:54:46,1,1,6.61,4834NE,Breda,NL,2020-06-18 00:00:00,850 ,4462024684913350784,5786699555418416620
2020-03-24 15:21:00,2020-03-24 15:21:00,1,3,29.0,5144 NB,Waalwijk,NL,2020-06-18 00:00:00,85 ,10231532510073098147,9862989621624869137
2020-03-24 17:28:00,2020-03-24 17:28:00,1,3,29.0,5923 KX,Venlo,NL,2020-06-18 00:00:00,85 ,12976483559802613986,7961971074870377155
2018-02-20 17:17:25,2018-02-20 17:17:25,1,1,28.93,3314ZB,Dordrecht,NL,2020-06-18 00:00:00,848 ,1520789474531424564,10376033045206565682
2018-02-21 20:54:21,2018-02-21 20:54:21,1,1,24.79,2291LZ,Wateringen,NL,2020-06-18 00:00:00,847 ,6203932349970166352,12713018117829433232
2018-02-21 12:08:14,2018-02-21 12:08:14,1,1,24.79,2151KV,Nieuw-Vennep,NL,2020-06-18 00:00:00,847 ,5211466090800095899,11655243251366416751
2018-02-23 16:46:23,2018-02-23 16:46:23,1,1,28.93,9160,Lokeren,BE,2020-06-18 00:00:00,845 ,2355097176498014913,2190445516802499412
2018-02-25 10:29:59,2018-02-25 10:29:59,1,1,18.87,5671HS,Nuenen,NL,2020-06-18 00:00:00,843 ,14292346194556402829,8753929030913770652
2018-02-27 15:32:28,2018-02-27 15:32:28,1,1,18.87,1017DL,Amsterdam,NL,2020-06-18 00:00:00,841 ,1750752413736569855,2690877488191537705
2018-02-28 14:41:46,2018-02-28 14:41:46,1,1,9.92,3022VV,Rotterdam,NL,2020-06-18 00:00:00,840 ,5058774576076324907,12413380215119349272
2020-03-25 17:33:00,2020-03-25 17:33:00,1,1,38.0,6127 BK,Grevenbicht,NL,2020-06-18 00:00:00,84 ,11068416642673271678,9816905625979743382
2020-03-25 19:00:00,2020-03-25 19:00:00,1,3,29.0,8302 KS,Emmeloord,NL,2020-06-18 00:00:00,84 ,5782197608229337358,2253126379124979115
2018-03-02 10:01:33,2018-03-02 10:01:33,1,1,0.0,1095KX,Amsterdam,NL,2020-06-18 00:00:00,838 ,6797735689646295781,8106770047987428589
2018-02-26 20:54:41,2018-03-05 21:24:21,6,6,116.1,1017DL,Amsterdam,NL,2020-06-18 00:00:00,835 ,2650534150451521944,1476455855910868615
2018-03-05 18:33:38,2018-03-05 18:33:38,2,2,29.76,2406GM,Alphen aan den Rijn,NL,2020-06-18 00:00:00,835 ,13904442230929682114,13689980825378766910
2018-03-06 15:51:45,2018-03-06 15:51:45,1,1,0.0,4614ET,Bergen op Zoom,NL,2020-06-18 00:00:00,834 ,9298520424239451872,18169802118133606009
2018-03-09 22:48:37,2020-04-04 13:28:00,2,4,62.06,2651DA,Berkel en Rodenrijs,NL,2020-06-18 00:00:00,831 ,13292559878857756386,10135244994446085816
2020-03-26 12:48:00,2020-03-26 12:48:00,1,3,29.0,1093 JB,Amsterdam,NL,2020-06-18 00:00:00,83 ,13673976048653833180,2833958660763718528
2020-03-26 14:50:00,2020-03-26 14:50:00,1,1,38.0,4336 LG,Middelburg,NL,2020-06-18 00:00:00,83 ,18087678725744068937,17823928043458939238
2020-03-26 19:48:00,2020-03-26 19:48:00,1,3,29.0,2161 WV,Lisse,NL,2020-06-18 00:00:00,83 ,685783591273672313,7822679996785601675
2020-03-26 19:06:00,2020-03-26 19:12:00,2,2,76.0,1096 GG,Amsterdam,NL,2020-06-18 00:00:00,83 ,8657331878808317909,4693210936547124666
2018-03-07 14:49:45,2018-03-13 09:59:54,2,2,32.09,2548ZE,s-Gravenhage,NL,2020-06-18 00:00:00,827 ,10538666790553089970,13988584732093558466
2018-03-01 12:31:46,2018-03-15 14:50:58,3,3,52.41,2592GM,s-Gravenhage,NL,2020-06-18 00:00:00,825 ,17035465578007468472,10338349219027109147
2018-03-15 00:13:26,2018-03-18 20:21:07,2,2,33.06,1053HG,Amsterdam,NL,2020-06-18 00:00:00,822 ,7520314822757445000,7758135000385240278
2018-01-23 10:51:08,2018-03-20 10:56:09,4,5,39.66,2924BL,Krimpen aan den IJssel,NL,2020-06-18 00:00:00,820 ,10823018006738576133,17648240318227920356
2020-03-27 12:04:00,2020-03-27 12:04:00,1,3,29.0,1018 DS,Amsterdam,NL,2020-06-18 00:00:00,82 ,17109599017281548350,9547048563585667707
2018-03-21 15:32:51,2018-03-21 15:32:51,3,13,0.0,2275AD,Voorburg,NL,2020-06-18 00:00:00,819 ,11258317504550496574,7414906189200540957
2018-01-16 14:38:31,2018-03-21 21:01:54,3,3,48.62000000000001,2253XH,Voorschoten,NL,2020-06-18 00:00:00,819 ,9741035092860298063,13774458963164445096
2018-03-23 09:25:10,2018-03-23 09:25:10,1,1,33.06,3523XX,Utrecht,NL,2020-06-18 00:00:00,817 ,11986726465275175058,13565992513461608897
2018-03-25 12:06:01,2018-03-25 12:06:01,1,1,22.0,5616SV,Eindhoven,NL,2020-06-18 00:00:00,815 ,6317696247714233219,16819730133279991692
2018-03-27 14:42:37,2018-03-27 14:42:37,1,1,9.43,2022XP,Haarlem,NL,2020-06-18 00:00:00,813 ,9487084618571806095,6563629973406751321
2018-03-30 13:30:16,2018-03-30 13:30:16,1,1,8.26,3515AS,Utrecht,NL,2020-06-18 00:00:00,810 ,1728274342478993539,2633802571267130657
2018-04-01 11:10:54,2018-04-01 11:10:54,2,2,57.2,5462CW,Veghel,NL,2020-06-18 00:00:00,808 ,17949000756824327047,11574564498164532322
2018-04-03 13:57:05,2018-04-03 13:57:05,1,1,24.79,6814JN,Arnhem,NL,2020-06-18 00:00:00,806 ,5669766402773492411,728527357334911839
2018-04-04 23:23:46,2018-04-04 23:23:46,2,2,66.12,2631CN,Nootdorp,NL,2020-06-18 00:00:00,805 ,2662776604856864341,4616200790357864940
2018-04-05 20:06:08,2018-04-05 20:06:08,3,3,120.54,8223ZM,Lelystad,NL,2020-06-18 00:00:00,804 ,191058720028480325,13815435500520337872
2018-04-05 12:16:57,2018-04-05 12:16:57,1,1,33.06,3851GR,Ermelo,NL,2020-06-18 00:00:00,804 ,11288017069655741873,13147513895081088144
2018-04-05 20:31:33,2018-04-05 20:31:33,3,3,94.17,1965TG,Heemskerk,NL,2020-06-18 00:00:00,804 ,8134526408971972835,621469338465428532
2020-03-29 16:43:00,2020-03-29 16:43:00,1,3,29.0,1054 NB,Amsterdam,NL,2020-06-18 00:00:00,80 ,14072467132814209901,7796058192795989635
2020-03-29 22:53:00,2020-03-29 22:53:00,1,7,66.0,6545 EJ,Nijmegen,NL,2020-06-18 00:00:00,80 ,17859257031322643262,3613395674874169441
2020-03-29 13:03:00,2020-03-29 13:03:00,1,3,29.0,3077 PV,Rotterdam,NL,2020-06-18 00:00:00,80 ,7424519972300987705,16818774593669578870
2018-04-10 15:58:41,2018-04-10 15:58:41,1,1,33.06,3061GA,Rotterdam,NL,2020-06-18 00:00:00,799 ,9945526991635151314,12843409007455173017
2018-04-09 13:04:08,2018-04-11 09:09:02,2,2,48.06,2941GH,Lekkerkerk,NL,2020-06-18 00:00:00,798 ,3249640931105163064,8742652062155639183
2018-04-11 21:00:15,2018-04-11 21:00:15,1,1,22.0,2225NG,Katwijk,NL,2020-06-18 00:00:00,798 ,7268431342014151417,17224805882305543146
2018-04-11 01:48:28,2018-04-11 01:48:28,1,1,16.98,8223ZM,Lelystad,NL,2020-06-18 00:00:00,798 ,14619512619608517925,5996714383650924945
2018-04-12 20:11:55,2018-04-12 20:11:55,1,1,22.0,1067CB,Amsterdam,NL,2020-06-18 00:00:00,797 ,18195079599371461677,16776309756355406881
2018-02-19 13:02:20,2018-04-17 14:42:16,4,4,84.98,8933BG,Leeuwarden,NL,2020-06-18 00:00:00,792 ,5030526790065006384,9610436057225286139
2020-03-30 10:40:00,2020-03-30 10:40:00,1,3,29.0,2613 NT,Delft,NL,2020-06-18 00:00:00,79 ,15605847705102891444,1944183259145791654
2018-04-24 21:26:55,2018-04-24 21:26:55,2,2,37.32,9040,Gent,BE,2020-06-18 00:00:00,785 ,17407376689206179576,6452228739080977689
2018-04-26 16:42:41,2018-04-26 16:42:41,1,1,0.0,1323RE,Almere,NL,2020-06-18 00:00:00,783 ,11465684278233347877,11191168076040268696
2018-04-26 20:52:55,2018-04-26 20:52:55,1,1,33.02,2231ZT,Rijnsburg,NL,2020-06-18 00:00:00,783 ,10282255707762402186,18387418344520209395
2018-04-29 10:11:59,2018-04-29 10:11:59,1,1,6.6,1011CM,Amsterdam,NL,2020-06-18 00:00:00,780 ,5737311179170122421,12658187453757333697
2018-04-29 13:42:25,2018-04-29 13:42:25,1,1,28.3,7041AV,s-Heerenberg,NL,2020-06-18 00:00:00,780 ,830250973252523383,17446743337495066944
2018-04-29 16:56:05,2018-04-29 16:56:05,1,1,14.15,3111PE,Schiedam,NL,2020-06-18 00:00:00,780 ,16733900300780852869,3422339980171123407
2020-03-31 12:58:00,2020-03-31 12:58:00,1,1,38.0,1441 GH,Purmerend,NL,2020-06-18 00:00:00,78 ,6805169899450898500,17894934699277233315
2018-03-27 02:51:02,2018-04-30 05:42:22,4,4,71.06,1183AM,Amstelveen,NL,2020-06-18 00:00:00,779 ,16497109946862871678,12268890863505956590
2018-05-01 01:39:09,2018-05-01 01:39:09,1,1,28.3,7325PK,Apeldoorn,NL,2020-06-18 00:00:00,778 ,370308189759117885,3305811890067810364
2020-04-01 18:33:00,2020-04-01 18:33:00,1,3,29.0,9000,Gent,BE,2020-06-18 00:00:00,77 ,4479853134201170770,6421677155929426859
2018-05-19 03:36:02,2018-05-19 03:36:02,1,1,22.0,1319EM,Almere,NL,2020-06-18 00:00:00,760 ,3007406346383198999,12493771166406185371
2019-09-18 02:57:00,2020-04-02 19:44:00,2,7,50.45,3552 SL,Utrecht,NL,2020-06-18 00:00:00,76 ,1149967485807527124,4228477296625450316
2018-05-23 18:06:31,2018-05-23 18:06:31,1,1,8.0,8911LG,Leeuwarden,NL,2020-06-18 00:00:00,756 ,2184728077294391984,3544519144830169959
2018-05-26 06:18:41,2018-05-26 06:18:41,1,1,28.3,3075RK,Rotterdam,NL,2020-06-18 00:00:00,753 ,18237998059634421729,8585586187153294109
2018-05-28 20:55:29,2018-05-28 20:55:29,2,2,30.0,3632JG,Loenen aan de Vecht,NL,2020-06-18 00:00:00,751 ,10447377506206660019,9864329021569860792
2018-05-29 15:08:10,2018-05-29 15:08:10,1,1,9.92,3818DX,Amersfoort,NL,2020-06-18 00:00:00,750 ,18136211477132930825,378154785398854286
2020-04-03 19:02:00,2020-04-03 19:02:00,1,3,29.0,2377 DT,Oude Wetering,NL,2020-06-18 00:00:00,75 ,18404618140578788406,10089537366856656236
2020-04-03 19:41:00,2020-04-03 19:41:00,1,3,29.0,9718 JC,Groningen,NL,2020-06-18 00:00:00,75 ,8484380446437309367,12497712932200379949
2018-05-30 17:29:55,2018-05-30 17:29:55,3,9,114.57,5658EC,Eindhoven,NL,2020-06-18 00:00:00,749 ,9711640385361904579,18051620819744203404
2020-04-04 23:42:00,2020-04-04 23:42:00,1,3,29.0,7591 NR,Denekamp,NL,2020-06-18 00:00:00,74 ,12915892871641498580,2683239866069237998
2018-06-09 13:52:36,2018-06-09 13:52:36,1,1,33.02,2243AG,Wassenaar,NL,2020-06-18 00:00:00,739 ,5656505604888417711,481549721501125338
2018-06-13 11:08:02,2018-06-13 11:08:02,2,2,84.9,1075SN,Amsterdam,NL,2020-06-18 00:00:00,735 ,5730089164586207989,11613892618661372109
2018-06-13 09:23:03,2018-06-13 09:23:03,2,4,164.08,2051GM,Overveen,NL,2020-06-18 00:00:00,735 ,16629579355517492237,1373092048816384946
2018-06-16 09:02:00,2018-06-16 09:02:00,1,1,9.43,6534TD,Nijmegen,NL,2020-06-18 00:00:00,732 ,9655815184656748153,1941251043927792671
2018-06-17 15:54:51,2018-06-17 15:54:51,1,1,28.19,22885,Barsb√ºttel,DE,2020-06-18 00:00:00,731 ,7807926275085871484,2956578122717328131
2018-06-17 21:17:45,2018-06-17 21:17:45,1,1,33.02,1171WS,Badhoevedorp,NL,2020-06-18 00:00:00,731 ,10062704806684911106,15245449361729145999
2018-06-18 12:11:05,2018-06-18 12:11:05,2,2,46.0,7553VP,Hengelo,NL,2020-06-18 00:00:00,730 ,18154619171131693327,16880211552698773698
2020-04-05 09:10:00,2020-04-05 09:10:00,1,3,29.0,1141 ZK,Monnickendam,NL,2020-06-18 00:00:00,73 ,10222035376034696935,15375087062325143850
2018-06-21 17:44:02,2018-06-21 17:44:02,1,1,12.88,8790,waregem,BE,2020-06-18 00:00:00,727 ,17572189036354151230,11472111409730740889
2018-06-23 21:21:44,2018-06-23 21:21:44,1,1,28.58,2400,Mol,BE,2020-06-18 00:00:00,725 ,12689340847660621122,14083246578895009274
2018-06-25 12:33:12,2018-06-25 12:33:12,1,1,28.93,4822XL,Breda,NL,2020-06-18 00:00:00,723 ,6457388787559873708,6915443766876309045
2020-04-06 10:26:00,2020-04-06 10:26:00,1,1,38.0,9742 EZ,Groningen,NL,2020-06-18 00:00:00,72 ,13825151879526898690,13130767656049231104
2020-04-06 20:24:00,2020-04-06 20:24:00,1,3,29.0,3911 AW,Rhenen,NL,2020-06-18 00:00:00,72 ,8439412255268435998,6745568935136678421
2018-07-03 18:50:48,2018-07-03 18:50:48,1,1,28.93,1094ET,Amsterdam,NL,2020-06-18 00:00:00,715 ,2494717914646970864,12130902185253025879
2018-07-05 21:31:12,2018-07-05 21:31:12,1,1,28.93,8303BV,Emmeloord,NL,2020-06-18 00:00:00,713 ,13515970463685737868,7799455040398537258
2018-07-06 07:16:17,2018-07-06 07:16:17,1,1,24.79,4105VJ,Culemborg,NL,2020-06-18 00:00:00,712 ,11752207492367875932,9809132649381960215
2018-07-08 09:24:07,2018-07-08 09:24:07,1,1,9.22,1319EG,Almere,NL,2020-06-18 00:00:00,710 ,1479546486940224944,15028042310356575736
2020-04-07 12:15:00,2020-04-07 12:15:00,1,3,29.0,1069 GC,Amsterdam,NL,2020-06-18 00:00:00,71 ,5496643907894701188,13483441293700439395
2020-04-07 17:48:00,2020-04-07 17:48:00,1,1,15.0,6221 CW,Maastricht,NL,2020-06-18 00:00:00,71 ,9504987706816631861,15875565048184169855
2020-04-07 09:03:00,2020-04-07 09:03:00,1,1,38.0,2821 LV,Stolwijk,NL,2020-06-18 00:00:00,71 ,17205504491893465350,11911397925308578841
2018-07-09 10:34:01,2018-07-09 10:34:01,1,1,28.93,5625KG,Eindhoven,NL,2020-06-18 00:00:00,709 ,6729695551075842571,2820089288337615959
2018-07-10 10:20:53,2018-07-10 10:20:53,1,1,28.93,2431,Laakdal,BE,2020-06-18 00:00:00,708 ,2812059332997399769,18228013635620499633
2018-07-13 17:01:40,2018-07-13 17:01:40,1,1,24.79,4818GB,Breda,NL,2020-06-18 00:00:00,705 ,10084691437624698309,8930673875713037370
2018-07-13 08:48:23,2018-07-13 08:48:23,1,1,24.79,4413AT,Krabbendijke,NL,2020-06-18 00:00:00,705 ,11209647780906960889,6030952689905709053
2018-07-15 00:55:28,2018-07-15 00:55:28,1,1,12.56,1231KA,Loosdrecht,NL,2020-06-18 00:00:00,703 ,15097776162386354458,2118633346515547145
2020-04-08 12:46:00,2020-04-08 12:46:00,1,3,29.0,3704 RK,Zeist,NL,2020-06-18 00:00:00,70 ,10126359774808738430,3057250918034723899
2020-04-08 13:59:00,2020-04-08 14:04:00,1,1,38.0,9000,Wondelgem,BE,2020-06-18 00:00:00,70 ,892778850158963226,17509532347575788675
2020-04-08 14:45:00,2020-04-08 14:45:00,1,4,37.0,3038 JP,Rotterdam,NL,2020-06-18 00:00:00,70 ,12992412032395981398,1780463019629671306
2017-11-26 16:33:46,2018-07-19 13:06:29,4,4,64.72,1521AL,Wormerveer,NL,2020-06-18 00:00:00,699 ,3442447875973267213,15227992837296555642
2018-07-22 17:28:20,2018-07-22 17:28:20,1,1,24.79,6573WS,Beek,NL,2020-06-18 00:00:00,696 ,8545867388407212505,4368668985116235538
2018-07-25 17:05:42,2018-07-25 17:05:42,1,1,28.93,4334AT,Middelburg,NL,2020-06-18 00:00:00,693 ,5915397733817275478,9521791140702162848
2018-07-29 15:38:57,2018-07-29 15:38:57,1,1,5.95,5612AH,Eindhoven,NL,2020-06-18 00:00:00,689 ,1549230552888829443,11299588993064670309
2018-07-25 14:35:06,2018-07-30 13:38:30,2,2,23.13,3021KE,Rotterdam,NL,2020-06-18 00:00:00,688 ,15721010508600882275,14289055959252570521
2018-08-02 15:38:06,2018-08-02 15:38:06,1,1,28.93,1942CK,Beverwijk,NL,2020-06-18 00:00:00,685 ,11852925776166605419,16503359445962736346
2018-08-04 09:19:00,2018-08-04 09:19:00,1,1,13.939999999999998,1211CC,Hilversum,NL,2020-06-18 00:00:00,683 ,17318836917992226831,7842901351124615478
2018-08-06 17:18:02,2018-08-06 17:18:02,2,2,36.0,5551AK,Valkenswaard,NL,2020-06-18 00:00:00,681 ,10467025787148383707,12027669031063929477
2018-08-22 09:00:35,2018-08-22 09:00:35,1,1,28.93,3605cj,Maarssen,NL,2020-06-18 00:00:00,665 ,6392522235688063464,6229128787004054706
2018-08-23 17:47:14,2018-08-23 17:47:14,2,2,36.0,3014 VJ,Rotterdam,NL,2020-06-18 00:00:00,664 ,15664061986044308444,10428950826680469098
2018-08-24 05:19:45,2018-08-24 05:19:45,1,1,28.93,1023EL,Amsterdam,NL,2020-06-18 00:00:00,663 ,7939351797154170120,9576473213438817572
2020-04-12 12:21:00,2020-04-12 12:21:00,1,4,30.0,1098 PZ,Amsterdam,NL,2020-06-18 00:00:00,66 ,17606811972350318899,385158596131025092
2018-08-31 18:38:09,2018-08-31 18:38:09,1,1,24.79,2515JJ,s-Gravenhage,NL,2020-06-18 00:00:00,656 ,4567590514752045741,5452979162259504172
2018-09-01 14:49:12,2018-09-01 14:49:12,1,1,28.93,4614KV,Bergen op Zoom,NL,2020-06-18 00:00:00,655 ,2318968881616765444,14229560194086018157
2018-09-03 11:20:24,2018-09-03 11:20:24,2,2,61.49999999999999,6581 AJ,Malden,NL,2020-06-18 00:00:00,653 ,2690211059193360278,17790433516434733468
2018-09-05 20:28:03,2018-09-05 20:28:03,1,1,17.18,2224 SG,Katwijk,NL,2020-06-18 00:00:00,651 ,12743996750082644944,15559107267866736760
2018-07-25 02:25:25,2018-09-05 01:26:15,2,3,57.23,1211CC,Hilversum,NL,2020-06-18 00:00:00,651 ,3695564470336299070,351759094422069400
2020-04-13 20:57:00,2020-04-13 20:57:00,1,2,23.0,3072 AP,Rotterdam,NL,2020-06-18 00:00:00,65 ,14297053960681696319,61699306497606842
2020-04-13 14:57:00,2020-04-13 14:57:00,1,3,29.0,2662 CW,bergschenhoek,NL,2020-06-18 00:00:00,65 ,14373754856808145009,13960650545860126096
2020-04-13 13:00:00,2020-04-13 13:00:00,1,3,29.0,2681 BW,Monster,NL,2020-06-18 00:00:00,65 ,17848081439371385509,18108468741986535588
2020-04-13 03:53:00,2020-04-13 03:53:00,1,3,29.0,1186 ZV,Amstelveen,NL,2020-06-18 00:00:00,65 ,3716612525312701888,10097560208888201252
2018-09-09 16:44:33,2018-09-09 16:44:33,1,1,28.93,6171 BS,Stein,NL,2020-06-18 00:00:00,647 ,342116649391380811,2058229241899211426
2018-09-10 17:00:37,2018-09-10 17:00:37,1,1,28.93,1082GM,Amsterdam,NL,2020-06-18 00:00:00,646 ,12406712719933313031,8756079013415726767
2018-09-11 13:16:14,2018-09-11 13:16:14,1,1,24.79,4851BZ,Ulvenhout,NL,2020-06-18 00:00:00,645 ,14720858961618471004,11388707474567898265
2018-09-11 15:15:31,2018-09-11 15:15:31,1,1,12.56,3584BA,Utrecht,NL,2020-06-18 00:00:00,645 ,10466020616361278846,8575306353146417210
2020-04-14 15:11:00,2020-04-14 15:11:00,1,1,15.0,5038 DB,Tilburg,NL,2020-06-18 00:00:00,64 ,18312680621202567922,309320649051814348
2020-04-14 18:36:00,2020-04-14 18:36:00,1,1,38.0,4651 GL,Steenbergen,NL,2020-06-18 00:00:00,64 ,7932131501727982866,16779079678767478562
2018-09-18 12:31:25,2018-09-18 12:31:25,1,1,24.79,7607GG,Almelo,NL,2020-06-18 00:00:00,638 ,3656714181551239981,955984099327831440
2018-09-20 14:49:46,2018-09-20 14:49:46,1,1,26.03,2552 AD,s-Gravenhage,NL,2020-06-18 00:00:00,636 ,9630551034774869569,14891751850945320833
2018-09-21 16:22:59,2018-09-21 16:22:59,2,4,68.44000000000001,3032cg,Rotterdam,NL,2020-06-18 00:00:00,635 ,10191985495019508703,12373790626262970409
2018-09-22 20:54:45,2018-09-22 20:54:45,1,1,20.18,1740,Ternat,BE,2020-06-18 00:00:00,634 ,6733445384010410680,1711864673985608442
2020-04-15 14:07:00,2020-04-15 14:07:00,1,2,39.0,6525 EG,Nijmegen,NL,2020-06-18 00:00:00,63 ,2675517399635486263,8767886814142746856
2020-04-15 09:51:00,2020-04-15 09:51:00,1,3,29.0,1052 XD,amsterdam,NL,2020-06-18 00:00:00,63 ,2761396685930656411,314131489953473272
2020-04-15 00:43:00,2020-04-15 00:43:00,1,3,29.0,1442 AH,Purmerend,NL,2020-06-18 00:00:00,63 ,17113918887104672733,5153591776326766942
2018-09-27 09:36:18,2018-09-27 09:36:18,2,3,52.9,3524 SN,Utrecht,NL,2020-06-18 00:00:00,629 ,105840015499506960,7883271058263184781
2018-09-28 01:00:33,2018-09-28 01:00:33,3,3,99.48,8016PD,Zwolle,NL,2020-06-18 00:00:00,628 ,17059326389614321928,15104698940288544444
2018-09-29 18:43:44,2018-09-29 18:43:44,1,1,28.93,1021JS,Amsterdam,NL,2020-06-18 00:00:00,627 ,1079458989207439334,10367253940243366134
2018-10-05 07:05:21,2018-10-05 07:05:21,1,1,24.79,3861 ml,Nijkerk,NL,2020-06-18 00:00:00,621 ,2637638034752260044,1605096655480885435
2018-10-05 06:13:42,2018-10-05 06:13:42,1,1,11.39,2403CE,Alphen aan den Rijn,NL,2020-06-18 00:00:00,621 ,15546644319110558678,5019553053256880471
2020-04-16 16:47:00,2020-04-16 16:47:00,1,1,8.0,1076 DT,Amsterdam,NL,2020-06-18 00:00:00,62 ,12579508430007959731,2394511514140307363
2018-10-23 20:21:13,2020-04-16 16:48:00,2,2,20.4,1093 XR,Amsterdam,NL,2020-06-18 00:00:00,62 ,3475479159126801608,2445170615160812047
2020-04-16 16:37:00,2020-04-16 16:37:00,1,1,8.0,1094 TV,Amsterdam,NL,2020-06-18 00:00:00,62 ,16320864846135254887,2868132109492494414
2018-10-11 23:34:16,2018-10-11 23:34:16,1,1,28.93,5037 AJ,Tilburg,NL,2020-06-18 00:00:00,615 ,11175743513058524623,5025860683079882315
2018-10-16 17:25:15,2018-10-16 17:25:15,1,1,28.93,1071DJ,Amsterdam,NL,2020-06-18 00:00:00,610 ,9935081124862247337,16574055712811577961
2020-04-17 11:50:00,2020-04-17 11:50:00,1,1,38.0,1097 BB,Amsterdam,NL,2020-06-18 00:00:00,61 ,11086446573088654205,4113324683085178594
2020-04-17 06:37:00,2020-04-17 06:37:00,1,3,29.0,1614 LB,Lutjebroek,NL,2020-06-18 00:00:00,61 ,17574471097944918755,1937490665455765955
2018-10-20 22:32:33,2018-10-20 22:32:33,2,2,51.24,6882mx,Velp,NL,2020-06-18 00:00:00,606 ,5204800883186055119,14212391947277223018
2018-10-23 20:18:03,2018-10-23 20:18:03,1,1,12.4,,,NL,2020-06-18 00:00:00,603 ,3150705786657161347,18133488277985238238
2017-09-05 07:33:00,2018-10-23 20:19:58,3,4,47.31,1902EG,Castricum,NL,2020-06-18 00:00:00,603 ,2800604115163721909,218417756593884154
2020-04-19 21:00:00,2020-04-19 21:00:00,1,3,29.0,1096 DT,Amsterdam,NL,2020-06-18 00:00:00,59 ,5455942041847726838,17764403528275423947
2020-04-19 11:42:00,2020-04-19 11:42:00,1,3,29.0,1072 SV,Amsterdam,NL,2020-06-18 00:00:00,59 ,5377017897738150157,11423431187055485512
2018-11-26 09:07:03,2018-11-26 09:07:03,1,1,17.13,1101CH,Amsterdam,NL,2020-06-18 00:00:00,569 ,15262629832337775424,3246578956547861653
2018-11-27 19:11:34,2018-11-27 19:11:34,1,1,28.88,3514 TV,Utrecht,NL,2020-06-18 00:00:00,568 ,11720071355227005118,8617238081867809103
2018-12-04 16:54:55,2018-12-04 16:54:55,1,1,28.88,3824PC,Amersfoort,NL,2020-06-18 00:00:00,561 ,11701801087748374658,15409165471465889188
2020-04-22 13:26:00,2020-04-22 13:26:00,1,3,29.0,5615 PC,Eindhoven,NL,2020-06-18 00:00:00,56 ,6767061636079524086,5700843250267378670
2018-12-15 23:08:04,2018-12-15 23:08:04,1,1,28.88,2353 HV,Leiderdorp,NL,2020-06-18 00:00:00,550 ,12545860407749844703,7480886055811547585
2020-04-23 23:06:00,2020-04-23 23:06:00,1,3,29.0,1403 AD,Bussum,NL,2020-06-18 00:00:00,55 ,16939418508451249351,15097121462833900749
2018-12-21 04:29:13,2018-12-21 04:29:13,1,1,23.23,3740,Bilzen,BE,2020-06-18 00:00:00,544 ,10803675223088297842,13621310912824186734
2020-04-24 08:31:00,2020-04-24 08:31:00,1,1,38.0,4381 CK,Vlissingen,NL,2020-06-18 00:00:00,54 ,955464805984750617,14351790896535131300
2020-04-24 16:35:00,2020-04-24 16:35:00,1,1,38.0,7312 ZX,Apeldoorn,NL,2020-06-18 00:00:00,54 ,15531679622582126832,3317803514771278461
2019-01-12 09:20:23,2019-01-12 09:20:23,1,1,28.88,1087EN,Amsterdam,NL,2020-06-18 00:00:00,522 ,5204730135950077194,11958641524337484778
2020-04-26 09:15:00,2020-04-26 09:15:00,1,3,29.0,1437 CG,Rozenburg,NL,2020-06-18 00:00:00,52 ,11949670434561863826,14695719951403004853
2019-01-15 19:43:48,2019-01-15 19:43:48,1,1,28.88,6136 AN,Sittard,NL,2020-06-18 00:00:00,519 ,6966021291910811573,5781460566571665976
2019-01-16 21:18:29,2019-01-16 21:18:29,1,1,28.88,1447EC,Purmerend,NL,2020-06-18 00:00:00,518 ,5419311178725351093,17733394130538420307
2019-01-21 09:12:21,2019-01-21 09:12:21,1,1,28.88,5616 SB,Eindhoven,NL,2020-06-18 00:00:00,513 ,10970117297138626204,18267514742465674223
2019-01-23 18:59:16,2019-01-23 18:59:16,2,2,44.8,7102 HJ,Winterswijk,NL,2020-06-18 00:00:00,511 ,12589509644644234559,2301834073101728805
2019-01-24 20:05:41,2019-01-24 20:05:41,1,1,19.61,6511SL,Nijmegen,NL,2020-06-18 00:00:00,510 ,1997661418852998816,1204104255441122703
2019-01-25 15:46:59,2019-01-25 15:46:59,2,2,59.5,2722VV,Zoetermeer,NL,2020-06-18 00:00:00,509 ,5139880628497109644,10953612880858758492
2019-01-25 10:48:04,2019-01-25 10:48:04,1,1,19.1,3560,Lummen,BE,2020-06-18 00:00:00,509 ,17718615347087536764,15034919193433536879
2019-01-29 21:09:30,2019-01-29 21:09:30,1,1,17.13,6227 GS,Maastricht,NL,2020-06-18 00:00:00,505 ,11456641580893213599,14939937623796948963
2019-02-01 17:17:25,2019-02-01 17:17:25,2,2,59.5,1566mr,Assendelft,NL,2020-06-18 00:00:00,502 ,8948712533407429765,5624373521123040457
2020-04-28 15:17:00,2020-04-28 15:17:00,1,1,38.0,1315 BB,Almere,NL,2020-06-18 00:00:00,50 ,3334853005065340596,11383074673242686977
2020-06-01 17:17:00,2020-06-12 22:36:00,1,3,41.0,2565 KH,Den Haag,NL,2020-06-18 00:00:00,5 ,5025200420233782462,9932690315413759502
2020-06-12 17:01:00,2020-06-12 17:01:00,1,3,41.0,3039 BC,Rotterdam,NL,2020-06-18 00:00:00,5 ,4847453787460452918,3458564091188502131
2019-02-05 22:07:31,2019-02-05 22:07:31,2,5,71.86,5709BR,Helmond,NL,2020-06-18 00:00:00,498 ,2420975750139719997,13043602195432425613
2019-02-07 20:08:18,2019-02-13 12:51:37,3,3,44.8,6511 SL,Nijmegen,NL,2020-06-18 00:00:00,490 ,4502458694746535557,14601799739552603024
2019-02-18 17:49:37,2019-02-18 17:49:37,1,1,17.13,3082kh,Rotterdam,NL,2020-06-18 00:00:00,485 ,17444551408687222810,2610199860651499622
2019-03-02 15:38:03,2019-03-02 15:38:03,1,1,17.13,9738 AD,Groningen,NL,2020-06-18 00:00:00,473 ,16971667550973181921,12233782818132259738
2018-01-07 21:40:01,2019-03-02 16:47:38,3,3,45.86,1096BA,Amsterdam,MD,2020-06-18 00:00:00,473 ,7183531808367690312,10387102821298529995
2020-05-01 10:48:00,2020-05-01 10:48:00,1,3,29.0,1823 GZ,Alkmaar,NL,2020-06-18 00:00:00,47 ,584135580763086950,8869165996874058802
2020-04-25 11:16:00,2020-05-02 22:03:00,2,4,44.0,5553 CS,Valkenswaard,NL,2020-06-18 00:00:00,46 ,3670512849240849452,230963078374856532
2019-03-23 16:36:46,2019-03-23 16:36:46,1,1,17.13,2987XJ,Ridderkerk,NL,2020-06-18 00:00:00,452 ,1772098485459232092,4112839266204551012
2020-05-03 11:28:00,2020-05-03 11:28:00,1,3,29.4,5524 BD,Steensel,NL,2020-06-18 00:00:00,45 ,8614531162314794646,9954738971619552453
2020-05-03 12:55:00,2020-05-03 12:55:00,1,3,29.4,4826 GJ,Breda,NL,2020-06-18 00:00:00,45 ,8261008835971221383,17432977261039935234
2020-04-22 07:30:00,2020-05-04 10:29:00,1,3,29.0,1431 AV,Aalsmeer,NL,2020-06-18 00:00:00,44 ,17870507426710928776,4848622395614168181
2020-05-05 15:42:00,2020-05-05 15:47:00,1,4,37.0,2312 RC,Leiden,NL,2020-06-18 00:00:00,43 ,11979479708434961017,12878391112154956041
2020-05-05 23:50:00,2020-05-05 23:50:00,1,3,29.0,7951 CL,Staphorst,NL,2020-06-18 00:00:00,43 ,4581842811786250611,12098045091767228738
2020-05-05 13:42:00,2020-05-05 13:42:00,1,3,29.0,1431 XW,Aalsmere,NL,2020-06-18 00:00:00,43 ,11920235502759826660,18206690159741548410
2020-05-05 22:53:00,2020-05-05 22:53:00,1,1,38.0,2551 XH,Den haag,NL,2020-06-18 00:00:00,43 ,4153022615137775952,2453320192475410579
2020-05-05 21:06:00,2020-05-05 21:06:00,1,3,29.0,7813 CM,Emmen,NL,2020-06-18 00:00:00,43 ,884969558258084351,17437552902770606617
2020-05-05 23:36:00,2020-05-05 23:39:00,1,4,37.0,6825 JN,Arnhem,NL,2020-06-18 00:00:00,43 ,11029499842629026293,5782748333183993835
2019-04-19 14:57:17,2019-04-19 14:57:17,2,2,54.38,4907CJ,Oosterhout,NL,2020-06-18 00:00:00,425 ,3976689467867708094,13178073141410975594
2019-04-23 13:19:48,2019-04-23 13:19:48,1,1,24.75,2923EJ,Krimpen a/d IJssel,NL,2020-06-18 00:00:00,421 ,10742460120687635175,13652421297755040687
2019-04-23 01:50:20,2019-04-23 01:50:20,1,1,19.59,3527TK,Utrecht,NL,2020-06-18 00:00:00,421 ,4737366194579089165,11065174344291813685
2020-05-06 23:06:00,2020-05-06 23:06:00,1,3,29.0,3075 MD,Rotterdam,NL,2020-06-18 00:00:00,42 ,6055782721167865031,16439617816165789034
2019-04-12 23:07:29,2019-04-25 10:40:25,2,2,18.56,3222BH,Hellevoetsluis,NL,2020-06-18 00:00:00,419 ,1389281892543833189,2462948871891470103
2019-04-25 11:09:33,2019-04-25 11:09:33,1,1,24.75,1218 HD,Hilversum,NL,2020-06-18 00:00:00,419 ,13720077098274986890,11746674735161697765
2019-04-27 08:35:00,2019-04-27 08:35:00,1,6,31.340000000000003,83460,Taradeau,FR,2020-06-18 00:00:00,417 ,12909762974708405173,7399391067532127815
2019-04-22 16:29:17,2019-04-29 14:40:22,2,2,28.23,2241xa,Wassenaar,NL,2020-06-18 00:00:00,415 ,16707172991183356915,14792627544026940607
2019-04-29 20:50:42,2019-04-29 20:50:42,2,2,54.38,3817AN,Amersfoort,NL,2020-06-18 00:00:00,415 ,17575197685989484753,14649108906011016527
2019-04-30 08:41:44,2019-04-30 08:41:44,1,1,19.59,1525 RK,Westknollendam,NL,2020-06-18 00:00:00,414 ,6213037458244625201,11052735138520517370
2019-05-01 20:25:55,2019-05-01 20:25:55,1,1,19.59,3708ck,Zeist,NL,2020-06-18 00:00:00,413 ,7948454471357381570,860770782317228930
2019-05-03 01:13:26,2019-05-03 01:13:26,1,1,19.59,6999 CM,Hummelo,NL,2020-06-18 00:00:00,411 ,15059446251937557638,13619360458333776899
2020-05-07 11:34:00,2020-05-07 11:34:00,1,6,58.0,1262 AT,Blaricum,NL,2020-06-18 00:00:00,41 ,15693294273404590908,7640493647676318387
2019-05-05 18:45:38,2019-05-05 18:45:38,1,1,19.59,2341 TG,Oegstgeest,NL,2020-06-18 00:00:00,409 ,12452969940113853155,6873146951704547992
2019-05-06 15:09:57,2019-05-06 15:09:57,2,2,59.5,2406VK,Alphen aan den Rijn,NL,2020-06-18 00:00:00,408 ,4007996540992491148,8828923236890052788
2019-05-06 19:36:58,2019-05-06 19:36:58,2,2,59.5,1183DE,Amstelveen,NL,2020-06-18 00:00:00,408 ,854530073403319389,3209331828148486167
2019-05-07 22:03:04,2019-05-07 22:03:04,1,1,19.59,6983hk,Doesburg,NL,2020-06-18 00:00:00,407 ,16520743259678392536,6418926846238001370
2019-05-08 18:43:23,2019-05-08 18:43:23,2,2,59.5,1562 XB,Krommenie,NL,2020-06-18 00:00:00,406 ,11180231434060271329,10774440334557545246
2019-05-08 12:06:39,2019-05-08 12:06:39,1,1,19.59,8501hs,Joure,NL,2020-06-18 00:00:00,406 ,17293115952862353864,14170469888939461361
2019-05-08 00:32:47,2019-05-08 00:32:47,1,1,19.59,6003DB,Weert,NL,2020-06-18 00:00:00,406 ,6878717449428736843,16413813671271248762
2019-05-11 17:13:01,2019-05-11 17:13:01,1,1,24.75,3445BB,Woerden,NL,2020-06-18 00:00:00,403 ,13768344765551291415,15563413154964215031
2019-05-13 13:02:55,2019-05-13 13:02:55,1,1,19.59,3069pa,Rotterdam,NL,2020-06-18 00:00:00,401 ,3269974817331014215,15630379659804960527
2019-05-13 18:25:12,2019-05-13 18:25:12,2,2,59.5,3771KX,Barneveld,NL,2020-06-18 00:00:00,401 ,11651477098320014005,3566290117630374412
2019-05-14 13:37:10,2019-05-14 13:37:10,2,2,59.5,3552BE,Utrecht,NL,2020-06-18 00:00:00,400 ,2691933496201360674,14346246619397238011
2020-05-08 18:24:00,2020-05-08 18:24:00,1,3,29.0,7333 CS,Apeldoorn,NL,2020-06-18 00:00:00,40 ,18144486309523351334,9293199897105171299
2020-05-08 11:08:00,2020-05-08 11:08:00,1,4,37.0,7833 AA,Nieuw Amsterdam,NL,2020-06-18 00:00:00,40 ,1452627121675636820,9491347409538036414
2019-05-16 09:57:17,2019-05-16 09:57:17,2,2,59.5,1171gv,BAdhoevedorp,NL,2020-06-18 00:00:00,398 ,5067819026579998362,7357302840962508561
2019-05-16 23:55:18,2019-05-16 23:55:18,2,2,54.54,1019cd,Amsterdam,NL,2020-06-18 00:00:00,398 ,13007695486323127520,3392869448724867199
2019-05-17 21:33:55,2019-05-17 21:33:55,2,2,59.5,6333 BK,Schimmert,NL,2020-06-18 00:00:00,397 ,16261760405421278893,7959551590005065162
2019-05-17 10:42:31,2019-05-17 10:42:31,2,2,59.5,6217HZ,Maastricht,NL,2020-06-18 00:00:00,397 ,7223404473864135196,6564965988799235536
2019-05-21 18:24:47,2019-05-21 18:24:47,2,2,56.2,2041BD,Zandvoort,NL,2020-06-18 00:00:00,393 ,16952690742462244232,16640490865900234890
2019-05-21 16:51:27,2019-05-21 16:51:27,1,1,19.59,2922 GJ,Krimpen aan den IJssel,NL,2020-06-18 00:00:00,393 ,2894282856588676772,6531925325638936591
2019-05-24 00:26:53,2019-05-24 00:26:53,1,1,19.59,3451HB,Vleuten,NL,2020-06-18 00:00:00,390 ,12905658060796907641,17459892791697134254
2019-05-25 16:40:30,2019-05-25 16:40:30,2,2,59.5,1013 AM,Amsterdam,NL,2020-06-18 00:00:00,389 ,10858336599479970525,15604020452114916885
2019-05-25 18:38:12,2019-05-25 18:38:12,1,2,41.24,1106dr,Amsterdam Zuidoost,NL,2020-06-18 00:00:00,389 ,2627663731252679097,13533647994947685152
2019-05-28 22:11:09,2019-05-28 22:11:09,2,2,54.38,1406KG,Bussum,NL,2020-06-18 00:00:00,386 ,15004895626380057978,9796326668648004038
2019-05-30 13:30:13,2019-05-30 13:30:13,2,2,59.5,1051KC,Amsterdam,NL,2020-06-18 00:00:00,384 ,17706462524521506225,2875238214366413291
2019-06-01 09:03:34,2019-06-01 09:03:34,1,2,23.68,3845HC,Harderwijk,NL,2020-06-18 00:00:00,382 ,15381802835121102298,15629099421729449136
2019-06-12 20:16:01,2019-06-12 20:16:01,2,2,59.5,3081GC,Rotterdam,NL,2020-06-18 00:00:00,371 ,9951814735651460947,16899659291045464260
2019-06-12 18:52:56,2019-06-12 18:52:56,1,1,24.75,3072MK,Rotterdam,NL,2020-06-18 00:00:00,371 ,16377522328391081322,13080557672622513620
2019-06-12 22:50:03,2019-06-12 22:50:03,1,1,19.59,1082 EG,Amsterdam,NL,2020-06-18 00:00:00,371 ,11206035292018837092,14980382069134289169
2019-06-13 17:29:52,2019-06-13 17:29:52,1,1,24.75,2726CZ,Zoetermeer,NL,2020-06-18 00:00:00,370 ,11108476789947413101,6297724710075628321
2019-06-16 09:30:41,2019-06-16 09:30:41,1,3,61.86,2521 RG,s-Gravenhage,NL,2020-06-18 00:00:00,367 ,1519200148251206199,16643144972414868050
2019-06-16 22:28:17,2019-06-16 22:28:17,2,2,59.5,2201 KL,Noordwijk,NL,2020-06-18 00:00:00,367 ,6291628600053203026,5598023746186412031
2019-06-18 15:04:18,2019-06-18 15:04:18,2,2,59.5,1013 HE,Amsterdam,NL,2020-06-18 00:00:00,365 ,15191332275111477733,17726887437310120045
2019-06-18 11:33:17,2019-06-18 11:33:17,1,1,5.889999999999999,8933 DV,Leeuwarden,NL,2020-06-18 00:00:00,365 ,6816044614803700,6238643401928092467
2019-06-19 20:28:02,2019-06-19 20:28:02,2,2,59.5,5701 JC ,Helmond,NL,2020-06-18 00:00:00,364 ,16488627180012391477,7385789826086488353
2018-01-12 13:13:17,2019-06-19 17:56:52,2,3,21.4,3882LH,Putten,NL,2020-06-18 00:00:00,364 ,6824615589328896102,1559040243405769326
2018-04-05 20:11:27,2019-06-23 09:23:40,2,2,52.65000000000001,4503AB,Groede,NL,2020-06-18 00:00:00,360 ,17069179823078769018,9438939873200313418
2019-06-28 19:35:33,2019-06-28 19:35:33,1,1,17.11,5231WP,s-Hertogenbosch,NL,2020-06-18 00:00:00,355 ,18248134345363004328,11196980189810802427
2019-06-28 16:15:07,2019-06-28 16:15:07,1,1,19.59,3061VE,Rotterdam,NL,2020-06-18 00:00:00,355 ,7804215884523446623,236222273484542468
2019-06-28 21:21:56,2019-06-28 21:21:56,2,7,107.3,3605cv,Maarssen,NL,2020-06-18 00:00:00,355 ,17182473520400357734,776991817062107344
2019-06-29 14:28:32,2019-06-29 14:28:32,2,3,100.74,1811BD,Alkmaar,NL,2020-06-18 00:00:00,354 ,7608801529495857388,2417989992952102734
2019-06-30 02:23:28,2019-06-30 02:23:28,1,2,41.24,2613JJ,Delft,NL,2020-06-18 00:00:00,353 ,13290962561521326855,5653541581127087627
2019-06-30 21:32:53,2019-06-30 21:32:53,1,1,19.59,3743 DL,Baarn,NL,2020-06-18 00:00:00,353 ,1919709362844653463,5908721972167969742
2019-07-01 18:04:59,2019-07-01 18:04:59,1,1,19.59,6011 PT,Ell,NL,2020-06-18 00:00:00,352 ,7190597424442125900,4920831681560729382
2020-05-13 06:31:00,2020-05-13 06:31:00,1,3,29.0,3191 SK,Hoogvliet Rotterdam,NL,2020-06-18 00:00:00,35 ,10463151063766338247,3629433174283997665
2019-07-05 11:51:24,2019-07-05 11:51:24,1,1,19.59,2624 WX,Delft,NL,2020-06-18 00:00:00,348 ,11368561342812359180,17225709088749447458
2019-07-05 07:31:37,2019-07-05 07:31:37,2,2,59.5,1339tw,Almere,NL,2020-06-18 00:00:00,348 ,10574838946160363150,3061385292273083603
2019-07-06 19:31:49,2019-07-06 19:31:49,1,1,24.75,3434SJ,Nieuwegein,NL,2020-06-18 00:00:00,347 ,17339041085020750306,12451076479939117082
2019-07-07 20:27:06,2019-07-07 20:27:06,1,1,19.59,6029 PP,Sterksel,NL,2020-06-18 00:00:00,346 ,18269395969652481090,15411777163396188292
2019-07-08 19:29:00,2019-07-08 19:29:00,1,1,19.59,6621 bk,Dreumel,NL,2020-06-18 00:00:00,345 ,13240813122057579661,5237225319242473095
2019-07-10 15:15:25,2019-07-10 15:15:25,1,1,19.59,1078ms,Amsterdam,NL,2020-06-18 00:00:00,343 ,14264553764177078277,16218051707364058235
2019-07-13 14:03:09,2019-07-13 14:03:09,2,2,59.5,1448Np,Purmerend,NL,2020-06-18 00:00:00,340 ,10526914973419686248,14000714821658809096
2020-05-14 09:02:00,2020-05-14 09:02:00,1,6,79.0,6905 JW,Zevenaar,NL,2020-06-18 00:00:00,34 ,11533111055766953298,15806110923623115363
2020-05-14 13:04:00,2020-05-14 13:04:00,1,6,79.0,4331 TL,Middelburg,NL,2020-06-18 00:00:00,34 ,2626915331882658768,2153511713532309978
2019-07-14 18:13:56,2019-07-14 18:13:56,1,1,24.75,5051CG,Goirle,NL,2020-06-18 00:00:00,339 ,12195985573138002785,13602485688360472177
2019-07-16 15:35:09,2019-07-16 15:35:09,2,2,59.5,8243VW,Lelystad,NL,2020-06-18 00:00:00,337 ,16745999125876223267,11865775747147787775
2019-07-17 09:29:33,2019-08-20 17:39:00,3,3,66.07,1602RC,Enkhuizen,NL,2020-06-18 00:00:00,336 ,4338021576560462427,18287918230210278468
2019-07-18 18:35:36,2019-07-18 18:35:36,1,1,19.59,3768AV,Soest,NL,2020-06-18 00:00:00,335 ,2130058249817212502,3095249226452698798
2019-07-19 16:18:16,2019-07-19 16:18:16,1,1,19.59,1060 TV,Amsterdam,NL,2020-06-18 00:00:00,334 ,1318555936387188383,1113175418209099337
2019-07-25 20:53:13,2019-07-25 20:53:13,1,1,19.59,4388RT,Oost-Souburg,NL,2020-06-18 00:00:00,328 ,776988340535579412,3355991004671867116
2019-07-25 20:52:03,2019-07-25 20:52:03,1,1,19.59,4462VX,Goes,NL,2020-06-18 00:00:00,328 ,1770185224400661223,6838430831261519576
2019-07-26 09:45:11,2019-07-26 09:45:11,1,1,19.59,1092cn,Amsterdam,NL,2020-06-18 00:00:00,327 ,9738995781806088856,6694758433314828117
2019-07-22 15:41:55,2019-07-31 07:16:36,2,5,48.95,3901JN,Veenendaal,NL,2020-06-18 00:00:00,322 ,16420238656866602640,13995555370662203341
2019-07-31 06:52:44,2019-07-31 06:52:44,1,1,19.59,2022TD,Haarlem,NL,2020-06-18 00:00:00,322 ,9126917025904152250,15816354834810040065
2020-05-16 15:12:00,2020-05-16 15:12:00,1,3,41.0,2134 XD,Hoofddorp,NL,2020-06-18 00:00:00,32 ,10308118279948342117,15217136377455414025
2019-08-16 15:04:00,2019-08-20 14:38:00,1,1,12.36,8243 HN,LELYSTAD,NL,2020-06-18 00:00:00,302 ,11629015223070824627,15730521456375091418
2019-08-22 09:19:00,2019-08-22 09:19:00,1,1,12.36,3572 RP,Utrecht,NL,2020-06-18 00:00:00,300 ,9283270543049839457,17297400088872873316
2020-05-18 18:18:00,2020-05-18 18:18:00,1,3,29.0,7651 HA,Tubbergen,NL,2020-06-18 00:00:00,30 ,6181155985497862630,7184907046715327976
2019-08-23 01:04:00,2019-08-23 01:04:00,1,2,34.34,8433 HD,Haulerwijk,NL,2020-06-18 00:00:00,299 ,9083234503721208121,16805758590999340175
2019-08-28 22:11:00,2019-08-28 22:11:00,1,4,20.62,5825 CK,Overloon,NL,2020-06-18 00:00:00,294 ,9096056800584080498,7185680093393320199
2019-08-30 14:19:00,2019-08-30 14:19:00,1,4,20.62,8014 EH,ZWOLLE,NL,2020-06-18 00:00:00,292 ,11612660906598618362,9735589198821340417
2019-08-30 16:59:00,2019-08-30 16:59:00,1,4,20.62,2551 JV,Den haag,NL,2020-06-18 00:00:00,292 ,5001950048888200132,10863904059708258301
2019-08-31 23:10:00,2019-08-31 23:10:00,1,4,20.62,1097 ZZ,Amsterdam,NL,2020-06-18 00:00:00,291 ,17544079305166626428,17440984159484578321
2019-09-01 10:28:00,2019-09-01 10:28:00,1,4,20.62,2574 TH,Den Haag,NL,2020-06-18 00:00:00,290 ,10304226122700842233,11028812473745445644
2020-05-19 12:06:00,2020-05-19 12:06:00,1,3,41.0,3061 TA,Rotterdam,NL,2020-06-18 00:00:00,29 ,16120244761983001643,15050539071751319249
2019-09-02 23:22:00,2019-09-02 23:22:00,1,4,20.62,9201 ST,Drachten,NL,2020-06-18 00:00:00,289 ,8523614643244990642,1938917135033126556
2019-09-02 17:44:00,2019-09-02 17:44:00,1,4,20.62,2271 SC,Voorburg,NL,2020-06-18 00:00:00,289 ,15049535235074353382,8518755079248589337
2019-09-04 13:15:00,2019-09-04 13:15:00,1,5,29.75,2264 TS,Leidschendam,NL,2020-06-18 00:00:00,287 ,13035055434798083667,1782811106326665976
2019-09-04 18:33:00,2019-09-04 18:33:00,1,1,32.19,1973 ZN,IJmuiden,NL,2020-06-18 00:00:00,287 ,4786497353570310997,9612237861748606812
2019-09-04 20:49:00,2019-09-04 20:49:00,1,4,20.62,3993 SR,Houten,NL,2020-06-18 00:00:00,287 ,5264739248955922832,4663564673611118295
2019-09-05 21:56:00,2019-09-05 21:56:00,1,4,20.62,2662 CW,Bergschenhoek,NL,2020-06-18 00:00:00,286 ,1040473900666638691,1942241988477292366
2019-09-06 08:51:00,2019-09-06 08:51:00,1,4,20.62,5152 NE,Drunen,NL,2020-06-18 00:00:00,285 ,15474816552779433069,13246694172380891386
2019-09-06 10:05:00,2019-09-06 10:05:00,1,4,20.62,6911 CG,Pannerden,NL,2020-06-18 00:00:00,285 ,212938488104034421,1717949775046718377
2019-09-07 13:37:00,2019-09-07 13:37:00,1,4,20.62,2134 ZL,Hoofddorp,NL,2020-06-18 00:00:00,284 ,13437330758376418889,17802138914305222362
2019-09-07 12:52:00,2019-09-07 12:52:00,1,4,20.62,3531 HH,Utrecht,NL,2020-06-18 00:00:00,284 ,9954117593345701589,11024928722312403185
2019-09-09 00:36:00,2019-09-09 00:36:00,1,4,20.62,3077 WC,Rotterdam,NL,2020-06-18 00:00:00,282 ,11847712403017688566,433330293950703239
2019-09-09 20:12:00,2019-09-09 20:12:00,1,4,20.62,1795 JJ,Coksdorp,NL,2020-06-18 00:00:00,282 ,1274911363402140200,11900913668508959504
2019-09-10 16:12:00,2019-09-10 16:12:00,1,4,20.62,1076 VK,Amsterdam,NL,2020-06-18 00:00:00,281 ,6475460565686052319,163831327730970996
2019-09-10 13:17:00,2019-09-10 13:17:00,1,4,20.62,7204 VC,Zutphen,NL,2020-06-18 00:00:00,281 ,12745812217847550841,5615072592126021827
2019-09-11 11:27:00,2019-09-11 11:27:00,1,4,20.62,3436 XS,Nieuwegein,NL,2020-06-18 00:00:00,280 ,3969826024711099641,11707740433337022664
2019-09-11 18:03:00,2019-09-11 18:03:00,1,5,29.75,1826 DK,Alkmaar,NL,2020-06-18 00:00:00,280 ,8677358959599607889,8146877901990023744
2019-09-12 09:57:00,2019-09-12 09:57:00,1,4,20.62,,,NL,2020-06-18 00:00:00,279 ,7473002479631730862,15483975237326590993
2019-09-12 22:42:00,2019-09-12 22:42:00,1,4,20.62,2991 BL,Barendrecht,NL,2020-06-18 00:00:00,279 ,7269828549384862111,14123831888277741772
2019-09-12 18:38:00,2019-09-12 18:38:00,1,2,18.93,3752 PK,Bunschoten,NL,2020-06-18 00:00:00,279 ,11034329710597853628,8672149571402749661
2019-09-13 17:26:00,2019-09-13 17:26:00,1,4,20.62,1106 DL,Amsterdam,NL,2020-06-18 00:00:00,278 ,5387607197914039405,325359447397497272
2019-09-14 11:30:00,2019-09-14 11:30:00,1,4,20.62,2993 TH,Barendrecht,NL,2020-06-18 00:00:00,277 ,14637184799091445501,12972110426943860483
2019-09-14 10:06:00,2019-09-14 10:06:00,1,4,20.62,3225 AJ,Hellevoetsluis,NL,2020-06-18 00:00:00,277 ,10329959261931921420,720859124613078762
2019-09-15 15:46:00,2019-09-15 15:46:00,1,4,20.62,2771 MJ,Boskoop,NL,2020-06-18 00:00:00,276 ,13183996520250497457,7861843353985569293
2019-09-15 12:03:00,2019-09-15 12:03:00,1,4,20.62,2403 XD,Alphen aan den Rijn,NL,2020-06-18 00:00:00,276 ,1405760606221193118,5893757817697220784
2019-09-15 15:31:00,2019-09-15 15:31:00,1,4,20.62,1628 CZ,Hoorn,NL,2020-06-18 00:00:00,276 ,14098040640243133426,16902719545143388554
2019-09-15 16:53:00,2019-09-15 16:53:00,1,4,20.62,2994 AT,Barendrecht,NL,2020-06-18 00:00:00,276 ,7732730458848752003,656963242930821529
2019-09-16 12:01:00,2019-09-16 12:01:00,1,4,20.62,2808 NB,Gouda,NL,2020-06-18 00:00:00,275 ,13244590423383048479,10303728309999014951
2019-09-16 02:54:00,2019-09-16 02:54:00,1,5,54.47,6218 BW,Maastricht,NL,2020-06-18 00:00:00,275 ,6753616162420026804,7480629384321913297
2019-09-16 16:41:00,2019-09-16 16:41:00,1,4,20.62,3225 RK,Hellevoetsluis,NL,2020-06-18 00:00:00,275 ,1443354615322863908,12388916171692404561
2019-09-16 19:20:00,2019-09-16 19:20:00,1,4,20.62,7331 NA,Apeldoorn,NL,2020-06-18 00:00:00,275 ,16614764655186630632,3279328497774259510
2019-09-16 14:00:00,2019-09-16 14:00:00,1,8,41.24,1071 WV,Amsterdam,NL,2020-06-18 00:00:00,275 ,3492959597145683979,17408164942829380248
2019-09-17 00:00:00,2019-09-17 00:00:00,1,4,20.62,5571 DG,Bergeijk,NL,2020-06-18 00:00:00,275 ,10264014106269852419,13812588211587926777
2019-09-17 22:46:00,2019-09-17 22:46:00,1,4,20.62,6836 DE,Arnhem,NL,2020-06-18 00:00:00,274 ,9341958332746252175,1618553315363586749
2019-09-19 19:47:00,2019-09-19 19:47:00,1,4,20.62,2716 GA,Zoetermeer,NL,2020-06-18 00:00:00,272 ,236046816630585549,7407536350347176995
2019-09-19 16:15:00,2019-09-19 16:15:00,1,4,20.62,2402 PX,Alphen ad Rijn,NL,2020-06-18 00:00:00,272 ,15154930771466471188,12010062254379412554
2019-09-20 02:38:00,2019-09-20 02:38:00,1,4,20.62,8033 DH,Zwolle,NL,2020-06-18 00:00:00,271 ,2371510563776505156,7576344826173967856
2019-09-20 10:32:00,2019-09-20 10:32:00,1,5,29.75,2723 AH,Zoetermeer,NL,2020-06-18 00:00:00,271 ,8771702886478198916,1950290281131500201
2019-09-17 23:14:00,2019-09-21 10:32:00,1,4,20.62,2574 HG,Den Haag,NL,2020-06-18 00:00:00,270 ,3002033929549939628,3460352034574811201
2019-09-21 09:56:00,2019-09-21 09:56:00,1,4,20.62,3021 ZC,Rotterdam,NL,2020-06-18 00:00:00,270 ,1331892767809730457,13324735904902575374
2019-09-21 13:49:00,2019-09-21 13:49:00,1,4,21.45,1061 HM,Amsterdam,NL,2020-06-18 00:00:00,270 ,2875792827957559215,12714869579071566549
2019-09-22 22:35:00,2019-09-22 22:35:00,1,4,20.62,9727 BW,Groningen,NL,2020-06-18 00:00:00,269 ,11676856600802660744,14506454854026833495
2019-09-22 23:50:00,2019-09-22 23:50:00,1,12,61.86,7591 NR,Denekamp,NL,2020-06-18 00:00:00,269 ,8581024130607075199,3698849510390385941
2019-09-23 07:23:00,2019-09-23 07:23:00,1,1,32.19,2518 GT,Den Haag,NL,2020-06-18 00:00:00,268 ,11758403842899267100,13892954489697082337
2019-09-23 18:33:00,2019-09-23 18:33:00,1,4,20.62,8442 BE,Heerenveen,NL,2020-06-18 00:00:00,268 ,3451822046379309386,4014546495211003313
2019-09-23 10:14:00,2019-09-23 10:14:00,1,4,20.62,7601 VL,Almelo,NL,2020-06-18 00:00:00,268 ,892183987942254648,2734458606696817996
2019-09-24 09:51:00,2019-09-24 09:51:00,1,4,20.62,2521 RN,Den Haag,NL,2020-06-18 00:00:00,267 ,6182367917785556758,10949527033088739819
2019-09-24 08:53:00,2019-09-24 08:53:00,1,4,20.62,5042 GC,Tilburg,NL,2020-06-18 00:00:00,267 ,4442002610082284844,1121964630568858956
2019-09-24 08:12:00,2019-09-24 08:12:00,1,4,20.62,7311 CP,APELDOORN,NL,2020-06-18 00:00:00,267 ,17644340519945258444,8737465819717331337
2019-09-24 11:54:00,2019-09-24 11:54:00,1,1,32.19,2675 XD,Honselersdijk,NL,2020-06-18 00:00:00,267 ,2289485552815268536,13524340994938715447
2019-09-29 21:58:00,2019-09-29 21:58:00,1,2,22.39,2253 XH,Voorschoten,NL,2020-06-18 00:00:00,262 ,15355671087103233251,15574111586630063294
2019-09-29 22:32:00,2019-09-29 22:32:00,1,1,32.19,2026 TH,Haarlem,NL,2020-06-18 00:00:00,262 ,16411146777893863491,8554360084423878022
2019-10-06 15:10:00,2019-10-06 15:10:00,1,1,32.19,5591 KX,Heeze,NL,2020-06-18 00:00:00,255 ,10393373178760575683,12445048484048069885
2019-09-23 00:01:00,2019-10-08 21:39:00,2,10,80.0,6523 EH,Nijmegen,NL,2020-06-18 00:00:00,253 ,11015831341901666554,8282238855720663064
2019-10-09 11:15:00,2019-10-09 11:15:00,1,1,32.19,6211 JC,Maastricht,NL,2020-06-18 00:00:00,252 ,4715455145361219405,1510378828110072205
2020-05-23 15:41:00,2020-05-23 15:41:00,1,1,15.0,1231 PG,Loosdrecht,NL,2020-06-18 00:00:00,25 ,9211672987924328831,5092707518036034091
2020-05-23 18:18:00,2020-05-23 18:18:00,1,3,29.0,9953 PK,Baflo,NL,2020-06-18 00:00:00,25 ,13061334178460069170,15347154102159993113
2019-10-13 00:14:00,2019-10-13 00:14:00,1,2,24.79,3434 BL,Nieuwegein,NL,2020-06-18 00:00:00,248 ,17436211467040049899,15791620623846716545
2019-10-13 15:16:00,2019-10-13 15:16:00,1,3,24.05,4854 LG,Bavel,NL,2020-06-18 00:00:00,248 ,7703854996640065801,819833096394498642
2019-10-17 00:05:00,2019-10-17 00:05:00,1,3,24.05,1079 LX,Amsterdam,NL,2020-06-18 00:00:00,244 ,6843227500907409125,3879590052513997533
2020-05-24 00:16:00,2020-05-24 00:16:00,1,3,29.0,1079 RK,Amsterdam,NL,2020-06-18 00:00:00,24 ,15268981251736452470,17619800628265029292
2019-10-28 18:42:00,2019-10-28 18:42:00,1,3,23.14,7741 HP,Coevorden,NL,2020-06-18 00:00:00,233 ,7006927683913670458,5363672468537504624
2019-10-28 18:15:00,2019-10-28 18:15:00,1,3,23.14,1104 BC,Amsterdam,NL,2020-06-18 00:00:00,233 ,14949497096556947093,16655843557007189968
2019-10-29 13:07:00,2019-10-29 13:07:00,1,1,32.19,1991 XH,VELSERBROEK,NL,2020-06-18 00:00:00,232 ,10315902855659269021,914925915507325829
2019-11-03 14:52:00,2019-11-03 14:52:00,1,3,28.0,1911 EK,Uitgeest,NL,2020-06-18 00:00:00,227 ,3276197224826462860,10023974025089126521
2019-11-07 15:18:00,2019-11-07 15:18:00,1,3,28.0,1033 EK,Amsterdam,NL,2020-06-18 00:00:00,223 ,3965708343690379229,2493930708180740917
2020-05-26 23:07:00,2020-05-26 23:07:00,1,3,41.0,1391 AE,Abcoude,NL,2020-06-18 00:00:00,22 ,9156389296566554847,14103385413128415347
2019-11-11 18:08:00,2019-11-11 18:08:00,1,3,31.0,3181 ZT,Rozenburg,NL,2020-06-18 00:00:00,219 ,2242345061191294508,13812596783633076193
2019-11-12 13:06:00,2019-11-12 13:06:00,1,3,29.0,2850,Boom,BE,2020-06-18 00:00:00,218 ,3524522161390992786,8111772643367465152
2019-11-12 21:06:00,2019-11-12 21:06:00,1,3,29.0,6984 AD,doesburg,NL,2020-06-18 00:00:00,218 ,14702402542514087213,14508142765825789789
2019-11-13 19:05:00,2019-11-13 19:05:00,1,3,32.0,1083 CN,AMSTERDAM,NL,2020-06-18 00:00:00,217 ,11491352567055074765,16167414044691914987
2019-11-15 13:38:00,2019-11-15 13:38:00,1,5,52.0,3829 BK,Hooglanderveen,NL,2020-06-18 00:00:00,215 ,14457991559656358678,9567933845598648289
2019-11-18 11:13:00,2019-11-18 11:13:00,1,4,37.0,5581 AR,Waalre,NL,2020-06-18 00:00:00,212 ,2162749132465068333,16395015208790271865
2020-05-27 15:00:00,2020-05-27 15:00:00,1,3,41.0,1096 GJ,Amsterdam,NL,2020-06-18 00:00:00,21 ,11696620848945225644,6405224794314913919
2020-05-27 12:11:00,2020-05-27 15:51:00,1,3,29.0,4811 MK,Breda,NL,2020-06-18 00:00:00,21 ,18308115671050524645,709762180681089337
2020-05-27 17:41:00,2020-05-27 17:41:00,1,3,31.0,1068 VM,Amsterdam,NL,2020-06-18 00:00:00,21 ,18246097717460740090,10483424939743744781
2019-11-25 00:38:00,2019-11-25 00:38:00,1,1,38.0,5502 HV,Veldhoven,NL,2020-06-18 00:00:00,205 ,4544637917794912060,7267926867034118962
2019-11-26 21:11:00,2019-11-26 21:11:00,1,3,29.0,2220,Hallaar,BE,2020-06-18 00:00:00,204 ,11237280712929405421,17517531558995574451
2019-11-27 00:22:00,2019-11-27 00:22:00,1,3,29.0,1333 TR,Almere,NL,2020-06-18 00:00:00,203 ,16169413318666462800,9253978832926693231
2019-11-30 12:22:00,2019-11-30 12:22:00,1,1,15.0,1211 CM,Hilversum,NL,2020-06-18 00:00:00,200 ,15661245871727505461,494919182612406763
2020-06-15 18:39:00,2020-06-15 18:39:00,1,3,29.0,6511 WR,NIJMEGEN,NL,2020-06-18 00:00:00,2 ,2117517439355780658,12179938751994806895
2020-06-15 21:37:00,2020-06-15 21:37:00,1,3,29.0,3620,Veldwezelt,BE,2020-06-18 00:00:00,2 ,3092125280240070550,14617791580719399073
2019-12-04 18:06:00,2019-12-04 18:06:00,1,3,29.0,1017 PW,Amsterdam,NL,2020-06-18 00:00:00,196 ,17300791810974732913,694590865110051728
2019-12-06 11:35:00,2019-12-06 11:35:00,1,2,23.0,1359 HR,Almere,NL,2020-06-18 00:00:00,194 ,12628275796174867173,10736675234638928518
2019-12-08 14:49:00,2019-12-08 14:49:00,1,3,29.0,1079 ME,Amsterdam,NL,2020-06-18 00:00:00,192 ,14074187574515495518,5883750858250769459
2019-12-09 16:32:00,2019-12-09 16:32:00,1,6,58.0,1069 DA,Amsterdam,NL,2020-06-18 00:00:00,191 ,732148533217964319,1126678633561554964
2020-05-27 13:55:00,2020-05-29 08:16:00,2,9,93.0,1243 JJ,'s-Graveland,NL,2020-06-18 00:00:00,19 ,3699886895572741014,18429945426396068856
2019-12-12 22:42:00,2019-12-12 22:42:00,1,3,29.0,1066 SL,Amsterdam,NL,2020-06-18 00:00:00,188 ,6190189002701520153,13186219337324117689
2019-12-12 20:32:00,2019-12-12 20:32:00,1,3,29.0,6663 CT,Lent,NL,2020-06-18 00:00:00,188 ,2328001279965488562,4294235221108680483
2019-12-12 14:22:00,2019-12-12 14:22:00,1,3,29.0,6542 SM,Nijmegen,NL,2020-06-18 00:00:00,188 ,5227519095640954942,8520934990870819090
2019-12-14 13:11:00,2019-12-14 13:11:00,1,3,32.0,1017 KX,Amsterdam,NL,2020-06-18 00:00:00,186 ,7408644173855695817,17561660342041467536
2019-12-15 19:04:00,2019-12-15 19:04:00,1,3,29.0,1112 TA,Diemen,NL,2020-06-18 00:00:00,185 ,7176267155218120316,16560174601360463691
2019-12-16 17:20:00,2019-12-16 17:20:00,1,3,29.0,3081 ZA,Rotterdam,NL,2020-06-18 00:00:00,184 ,2463714736525525399,2173521000854402783
2019-12-17 20:37:00,2019-12-17 20:37:00,1,3,32.0,5912 ET,Venlo,NL,2020-06-18 00:00:00,183 ,13419018856685447101,200177933568528646
2019-12-17 13:42:00,2019-12-17 13:42:00,1,3,29.0,1214 EB,Hilversum,NL,2020-06-18 00:00:00,183 ,8655987164515549387,18260937825232373626
2019-12-18 21:29:00,2019-12-18 21:29:00,1,3,29.0,1098 XC,Amsterdam,NL,2020-06-18 00:00:00,182 ,545379103500131411,17446597176794793456
2019-12-18 23:25:00,2019-12-18 23:25:00,1,3,29.0,3222 XG,Hellevoetsluis,NL,2020-06-18 00:00:00,182 ,4036638670809157108,5220914529115873482
2019-12-19 06:05:00,2019-12-20 05:53:00,1,3,32.0,4904 SG,Oosterhout,NL,2020-06-18 00:00:00,180 ,7060672955788281121,568950184631255840
2019-12-20 23:12:00,2019-12-20 23:12:00,1,3,32.0,3201 AJ,Spijkenisse,NL,2020-06-18 00:00:00,180 ,8987602590845765860,17480732656864895747
2019-12-20 16:03:00,2019-12-20 16:05:00,1,2,23.0,7557 DK,Hengelo,NL,2020-06-18 00:00:00,180 ,10698084645042614730,13733419108350146209
2019-12-20 21:54:00,2019-12-20 21:54:00,1,3,32.0,2841 BW,Moordrecht,NL,2020-06-18 00:00:00,180 ,14193322114055244957,15431919774380192883
2019-12-21 02:02:00,2019-12-21 02:02:00,1,3,29.0,2681 SP,Monster,NL,2020-06-18 00:00:00,179 ,184011298421093296,9410152820570049441
2019-12-22 22:37:00,2019-12-22 22:37:00,1,1,38.0,5872 AM,Broekhuizen,NL,2020-06-18 00:00:00,178 ,3728012433628911284,18205293301211966669
2019-12-23 12:53:00,2019-12-23 12:53:00,1,3,29.0,1502 PC,Zaandam,NL,2020-06-18 00:00:00,177 ,4641054891486675526,15991310340901470015
2019-12-23 17:16:00,2019-12-23 17:16:00,1,6,64.0,1056 DK,Amsterdam,NL,2020-06-18 00:00:00,177 ,13892751201764656736,12992103257890459392
2019-12-28 17:25:00,2019-12-28 17:25:00,1,3,29.0,3061 TG,Rotterdam,NL,2020-06-18 00:00:00,172 ,551857705536005026,2076611789291962817
2020-05-31 23:04:00,2020-05-31 23:04:00,1,3,29.0,1058 GC,Amsterdam,NL,2020-06-18 00:00:00,17 ,11594157031325966796,7387649424893497268
2020-05-31 14:17:00,2020-05-31 14:17:00,1,3,29.0,9120,Beveren,BE,2020-06-18 00:00:00,17 ,17070640278912982887,16431211195311171330
2020-05-31 15:46:00,2020-05-31 15:46:00,1,2,23.0,4462 JA,Goes,NL,2020-06-18 00:00:00,17 ,7269608307320861511,18273767673853965592
2020-01-04 07:50:00,2020-01-04 07:50:00,1,4,37.0,1186 DV,Amstelveen,NL,2020-06-18 00:00:00,165 ,16046660337282155462,1329192821880261337
2020-01-07 15:03:00,2020-01-07 15:03:00,1,4,44.0,1054 CZ,Amsterdam,NL,2020-06-18 00:00:00,162 ,812707274749155982,12311812926709304221
2020-01-08 22:15:00,2020-01-08 22:15:00,1,3,29.0,9725 CX,Groningen,NL,2020-06-18 00:00:00,161 ,2111892247652001679,781111883923044837
2020-01-15 19:59:00,2020-01-15 19:59:00,1,1,38.0,3052 CA,Rotterdam,NL,2020-06-18 00:00:00,154 ,6799385372275525140,13335116932101851718
2020-01-19 23:24:00,2020-01-19 23:24:00,1,4,37.0,1021 HN,Amsterdam,NL,2020-06-18 00:00:00,150 ,17390470529910922320,2138228988226886532
2020-01-19 23:01:00,2020-01-19 23:01:00,1,3,29.0,1601 NC,Enkhuizen,NL,2020-06-18 00:00:00,150 ,17646095257516453949,647803815334432331
2020-06-02 20:55:00,2020-06-02 20:55:00,1,3,29.0,1054 TX,Amsterdam,NL,2020-06-18 00:00:00,15 ,12500921748312670473,7633880348382652111
2020-01-20 02:25:00,2020-01-20 02:25:00,1,3,29.0,9080,Lochristi,BE,2020-06-18 00:00:00,149 ,8407011606510015006,2245741436822098750
2020-01-21 11:01:00,2020-01-21 11:01:00,1,3,29.0,1019 TM,Amsterdam,NL,2020-06-18 00:00:00,148 ,12532447215697894208,13049510467733833288
2020-01-21 11:07:00,2020-01-21 11:07:00,1,1,38.0,2403 GN,Alphen aan den rijn,NL,2020-06-18 00:00:00,148 ,3915529570778236497,717241798736821194
2020-01-22 19:31:00,2020-01-22 19:31:00,1,6,58.0,2613 HC,Delft,NL,2020-06-18 00:00:00,147 ,18276347211966954574,8300275316117667665
2020-01-24 16:14:00,2020-01-24 16:14:00,1,3,29.0,9363 EW,Marum,NL,2020-06-18 00:00:00,145 ,17118988891836705819,16478367896541629744
2020-01-25 13:18:00,2020-01-25 13:18:00,1,3,29.0,3882 ML,Putten,NL,2020-06-18 00:00:00,144 ,12245021075089984020,10950179596794568157
2020-01-30 13:49:00,2020-01-30 13:49:00,1,3,29.0,1108 HV,amsterdam,NL,2020-06-18 00:00:00,139 ,7047040420101569967,12048297581220779277
2020-02-01 19:48:00,2020-02-01 19:54:00,1,6,58.0,2135 PP,Hoofddorp,NL,2020-06-18 00:00:00,137 ,5872290835521402219,11839099536969950881
2020-02-01 20:56:00,2020-02-01 20:56:00,1,3,29.0,6413 VL,Heerlen,NL,2020-06-18 00:00:00,137 ,15920057132903205417,10655832536287433720
2020-02-02 20:44:00,2020-02-02 20:44:00,1,3,29.0,7908 BT,Hoogeveen,NL,2020-06-18 00:00:00,136 ,3375108503797466412,16767338831499934506
2020-02-03 15:46:00,2020-02-03 15:46:00,1,2,23.0,2253 WR,Voorschoten,NL,2020-06-18 00:00:00,135 ,3169512948956272899,855590060019590915
2020-02-04 14:37:00,2020-02-04 14:37:00,1,3,29.0,1013 BE,Amsterdam,NL,2020-06-18 00:00:00,134 ,4402586800902091956,6925914886121767093
2020-02-04 14:25:00,2020-02-04 14:25:00,1,3,29.0,8031 WP,Zwolle,NL,2020-06-18 00:00:00,134 ,11490963394949303706,5981161972247548801
2020-01-21 21:16:00,2020-02-04 13:24:00,1,1,15.0,1566 JN,Assendelft,NL,2020-06-18 00:00:00,134 ,15362955105264281644,8265983116350612032
2020-02-05 16:38:00,2020-02-05 16:38:00,1,3,29.0,1069 HX,amsterdam,NL,2020-06-18 00:00:00,133 ,7370180628502289803,8770638136131359781
2020-02-03 23:07:00,2020-02-05 21:40:00,2,3,31.0,6211 LD,Maastricht,NL,2020-06-18 00:00:00,133 ,839003163835897140,11930379327886019746
2020-02-07 19:54:00,2020-02-07 19:54:00,1,3,29.0,1601 CW,Enkhuizen,NL,2020-06-18 00:00:00,131 ,13827471220730010735,8436080289845130532
2020-02-08 11:52:00,2020-02-08 11:52:00,1,4,37.0,2204 BK,Noordwijk,NL,2020-06-18 00:00:00,130 ,18433424016771562925,8761657480770702556
2020-02-10 22:52:00,2020-02-10 22:52:00,1,3,29.0,6512 BC,Nijmegen,NL,2020-06-18 00:00:00,128 ,9062773369603110353,11508224590447302052
2020-02-11 20:57:00,2020-02-11 20:57:00,1,3,31.0,1068 GL,Amsterdam,NL,2020-06-18 00:00:00,127 ,14140130294709141982,2220256553451567842
2020-02-13 19:20:00,2020-02-13 19:20:00,1,3,29.0,6521 CD,Nijmegen,NL,2020-06-18 00:00:00,125 ,638895136227321233,11114844865346280250
2020-02-13 13:57:00,2020-02-13 13:57:00,1,4,37.0,7314 KL,Apeldoorn,NL,2020-06-18 00:00:00,125 ,16583489514963958997,18084006878068030295
2020-02-15 03:17:00,2020-02-15 03:17:00,1,4,37.0,1069 SC,Amsterdam,NL,2020-06-18 00:00:00,123 ,17063528764713437820,830026613817434568
2020-02-16 11:03:00,2020-02-16 11:03:00,1,3,29.0,9732 PE,Groningen,NL,2020-06-18 00:00:00,122 ,16660538689826546503,11272131938032700685
2020-06-05 12:33:00,2020-06-05 12:33:00,1,3,41.0,6301 GN,VALKENBURG LB,NL,2020-06-18 00:00:00,12 ,12079747834071032652,14818694124883291368
2020-02-20 20:17:00,2020-02-20 20:17:00,1,6,58.0,1423 AM,Uithoorn,NL,2020-06-18 00:00:00,118 ,16552943627614005596,17625964040659934423
2020-02-22 02:14:00,2020-02-22 02:14:00,1,3,29.0,4241 AE,Arkel,NL,2020-06-18 00:00:00,116 ,5256127123402732952,4057443163140737143
2020-02-23 21:02:00,2020-02-23 21:02:00,1,1,8.0,9602 HC,Hoogezand,NL,2020-06-18 00:00:00,115 ,8832986410127031741,10028306092222404585
2020-02-24 13:55:00,2020-02-24 13:55:00,1,4,37.0,6596 BX,Milsbeek,NL,2020-06-18 00:00:00,114 ,12489004899231283746,3283840206767798706
2020-02-24 20:25:00,2020-02-24 20:25:00,1,3,29.0,4826 KA,Breda,NL,2020-06-18 00:00:00,114 ,927442144071043282,6891026159510409084
2020-02-24 13:42:00,2020-02-24 13:42:00,1,3,29.0,1502 TV,Zaandam,NL,2020-06-18 00:00:00,114 ,3118617188894331948,7078322787632094989
2020-02-25 23:15:00,2020-02-25 23:15:00,1,3,32.0,7241 RT,Lochem,NL,2020-06-18 00:00:00,113 ,6831737887541829547,5073350648039150527
2020-02-25 11:10:00,2020-02-25 11:10:00,1,3,29.0,5066 VL,Moergestel,NL,2020-06-18 00:00:00,113 ,12454686254723519126,6801471777896759734
2020-02-26 22:53:00,2020-02-26 22:53:00,1,3,29.0,3224 XR,hellevoetsluis,NL,2020-06-18 00:00:00,112 ,14193469830179517822,6540189430178467868
2020-02-26 20:49:00,2020-02-26 20:49:00,1,3,29.0,3028 HD,Rotterdam,NL,2020-06-18 00:00:00,112 ,14878423303221743276,6791635643385937897
2020-02-27 22:23:00,2020-02-27 22:23:00,1,1,38.0,1910,Kampenhout,BE,2020-06-18 00:00:00,111 ,14992801942239678670,13478670436334451533
2019-08-05 08:34:00,2020-02-28 16:19:00,1,1,8.0,1094 TV,Amsterdam,NL,2020-06-18 00:00:00,110 ,4416649676490594268,13950925525352748640
2020-06-06 19:45:00,2020-06-06 19:45:00,1,6,70.0,8931 CC,LEEUWARDEN,NL,2020-06-18 00:00:00,11 ,13304906185202287278,372276839743152819
2020-02-29 14:17:00,2020-02-29 14:17:00,1,3,29.0,3274 NA,Heinenoord,NL,2020-06-18 00:00:00,109 ,26997873322694297,6847384149943038804
2020-02-29 00:01:00,2020-02-29 00:01:00,1,1,38.0,5702 VH,Helmond,NL,2020-06-18 00:00:00,109 ,15625895772108115811,7891936257661180009
2017-06-26 13:17:38,2017-06-26 13:17:38,1,1,3.3,3931WH,Woudenberg,NL,2020-06-18 00:00:00,1087 ,9341694438635507534,13880212243235202331
2020-03-01 22:04:00,2020-03-01 22:04:00,1,1,15.0,2215 DR,voorhout,NL,2020-06-18 00:00:00,108 ,10952208278714511196,16440673641773508653
2017-07-12 08:48:34,2017-07-12 08:48:34,1,3,9.91,3141SB,Maassluis,NL,2020-06-18 00:00:00,1071 ,14353195156174107536,14664680826001112543
2017-07-20 07:57:30,2017-07-20 07:57:30,1,1,3.3,3181NK,Rozenburg,NL,2020-06-18 00:00:00,1063 ,17617498753649588930,5307472350957006829
2017-07-25 17:31:36,2017-07-25 17:31:36,2,12,99.86,5611JX,Eindhoven,NL,2020-06-18 00:00:00,1058 ,3961376605647432897,14759198898335787093
2017-07-29 02:37:59,2017-07-29 02:37:59,1,1,3.3,2552RW,s-Gravenhage,NL,2020-06-18 00:00:00,1054 ,8846835157324332408,1835086413733703333
2017-08-02 22:03:11,2017-08-02 22:03:11,1,1,3.3,4631EA,Hoogerheide,NL,2020-06-18 00:00:00,1050 ,9412031116387159176,788403382674346007
2020-03-04 11:11:00,2020-03-04 11:11:00,1,3,29.0,5709 LJ,Helmond,NL,2020-06-18 00:00:00,105 ,5335643931999274778,3166004725126923951
2017-08-15 19:52:32,2017-08-15 19:52:32,1,1,3.3,5614HD,Eindhoven,NL,2020-06-18 00:00:00,1037 ,7366700763923036163,14435898343889385569
2017-08-24 10:17:03,2017-08-24 10:17:03,1,1,5.79,1066JD,Amsterdam,NL,2020-06-18 00:00:00,1028 ,1477076795264459427,1285663640343972243
2017-08-28 23:43:27,2017-08-28 23:43:27,1,1,4.72,4854ER,Bavel,NL,2020-06-18 00:00:00,1024 ,724886493727522501,6104031644040520337
2017-09-15 17:02:52,2017-09-15 17:02:52,1,2,5.94,1051XS,Amsterdam,NL,2020-06-18 00:00:00,1006 ,12245595291383653070,15020420061133478993
2020-03-09 12:50:00,2020-03-09 12:50:00,1,3,29.0,8911 DS,Leeuwarden,NL,2020-06-18 00:00:00,100 ,2923691820477789580,9875154782655611572
2020-03-09 21:22:00,2020-03-09 21:22:00,1,3,29.0,2991 LD,Barendrecht,NL,2020-06-18 00:00:00,100 ,11955326381462714367,226852968295271807
2020-06-07 21:56:00,2020-06-07 21:56:00,1,2,23.0,1016 HZ,Amsterdam,NL,2020-06-18 00:00:00,10 ,6696390494039661292,15993959785218874342
2020-06-16 11:14:00,2020-06-16 11:14:00,1,4,30.0,5371 DA,Ravenstein,NL,2020-06-18 00:00:00,1 ,4695018569255604949,8062624639980913744
