,WAREHOUSE SALES,WAREHOUSE SALES,WAREHOUSE SALES,WAREHOUSE SALES,RETAIL SALES,RETAIL SALES,RETAIL SALES,RETAIL SALES,RETAIL TRANSFERS,RETAIL TRANSFERS,RETAIL TRANSFERS,RETAIL TRANSFERS
,min,max,mean,sum,min,max,mean,sum,min,max,mean,sum
SUPPLIER,,,,,,,,,,,,
8 VINI INC,0.0,1.0,0.1111111111111111,1.0,0.0,1.07,0.30888888888888894,2.7800000000000002,0.0,2.0,0.2222222222222222,2.0
A HARDY USA LTD,0.0,0.0,0.0,0.0,0.08,0.16,0.13333333333333333,0.4,0.0,0.0,0.0,0.0
A I G WINE & SPIRITS,0.0,15.0,3.35,134.0,0.0,1.67,0.31300000000000006,12.520000000000001,0.0,3.0,0.148,5.92
A VINTNERS SELECTIONS,-4.0,104.0,3.416322854520421,29776.66999999999,-1.84,104.04,0.9913458008260524,8640.569999999872,-1.0,107.0,0.9592817806333185,8361.100000000004
A&E INC,0.0,0.0,0.0,0.0,0.08,1.41,0.3031578947368422,11.520000000000003,0.0,1.0,0.05263157894736842,2.0
A&W BORDERS LLC,0.0,0.0,0.0,0.0,0.0,0.32,0.1142857142857143,0.8,0.0,1.0,0.14285714285714285,1.0
ADAMBA IMPORTS INTL,0.0,0.0,0.0,0.0,0.0,5.55,1.788888888888889,32.2,0.0,15.0,2.2494444444444444,40.489999999999995
AIKO IMPORTERS INC,0.0,2.0,0.07317073170731707,3.0,0.0,1.54,0.27414634146341466,11.240000000000002,0.0,3.0,0.2682926829268293,11.0
ALLAGASH BREWING COMPANY,0.0,125.0,16.44264150943396,1742.92,0.0,37.78,2.8687735849056613,304.0900000000001,0.0,42.0,3.19811320754717,339.0
ALLIED IMPORTERS USA LTD,0.0,5.0,1.0588235294117647,18.0,0.0,1.86,0.4488235294117647,7.63,0.0,4.0,0.6470588235294118,11.0
ALTITUDE SPIRITS INC,0.0,0.0,0.0,0.0,0.08,1.31,0.37399999999999994,5.609999999999999,-0.08,2.0,0.306,4.59
AMERICAN BEVERAGE CORPORATION,0.0,12.0,1.641025641025641,192.0,0.0,12.64,3.8666666666666685,452.4000000000002,0.0,15.81,4.154615384615385,486.09
AMERICAN BEVERAGE MARKETERS,0.0,13.0,2.074324324324324,307.0,0.0,47.43,12.954662162162164,1917.2900000000002,0.0,46.0,14.220202702702704,2104.59
AMERICAN FIDELITY TRADING,0.0,30.0,1.9414193548387093,300.91999999999996,0.0,6.99,0.4626451612903222,71.70999999999994,0.0,10.0,0.5032258064516129,78.0
AMERICAN VINTAGE BEVERAGE INC,0.0,0.0,0.0,0.0,0.17,0.34,0.21636363636363634,2.38,0.0,0.0,0.0,0.0
ANHEUSER BUSCH INC,-4996.0,6116.0,230.45085860942586,493856.18999999965,0.0,768.93,19.859608026131625,42559.14000000007,-2.0,813.0,22.082426504899672,47322.64
ARCHER ROOSE LLC,0.0,2.0,1.0,8.0,0.0,0.0,0.0,0.0,0.0,0.0,0.0,0.0
AREL GROUP WINE & SPIRITS,-0.67,26.0,4.023849765258215,857.0799999999999,0.0,47.52,2.4958215962441317,531.61,-0.08,50.0,2.5594835680751165,545.1699999999998
ARIS A ZISSIS,0.0,0.0,0.0,0.0,0.08,0.99,0.2630434782608696,6.050000000000001,-0.08,0.0,-0.0034782608695652175,-0.08
ARTISANS & VINES LLC,-1.0,50.0,5.808931506849316,2120.26,0.0,4.31,0.13323287671232872,48.62999999999999,0.0,4.0,0.10912328767123287,39.83
ASAHI BEER USA INC,0.0,117.0,60.738214285714285,1700.67,0.0,28.25,9.154285714285715,256.32,0.0,30.0,10.642857142857142,298.0
ATLANTIC WINE & SPIRITS,0.0,6.0,1.2222222222222223,11.0,0.0,0.42,0.10888888888888888,0.98,0.0,0.0,0.0,0.0
ATLAS BREW WORKS LLC,0.0,75.0,14.121758241758242,1285.08,0.0,34.29,2.5218681318681315,229.48999999999998,0.0,39.0,2.7335164835164836,248.75
AW DIRECT LLC,0.0,0.0,0.0,0.0,0.33,1.41,0.8077777777777777,7.27,0.0,3.0,0.4444444444444444,4.0
AZIZ SHAFI TANNIC TONGUE,0.0,11.83,4.166571428571428,145.82999999999998,0.0,0.5,0.03314285714285714,1.16,0.0,2.0,0.05714285714285714,2.0
BACARDI USA INC,0.0,312.0,2.6700593276203035,4050.4800000000005,0.0,520.09,18.48030982201713,28034.629999999986,-10.0,563.99,20.323144363876064,30830.20999999999
BACCHUS IMPORTERS LTD,-1.0,64.0,1.94159936116815,8510.03,-0.17,24.03,0.9305840748345872,4078.7499999999955,-1.0,49.0,0.8564590463153094,3753.8600000000015
BACKUP BEVERAGE,-1.0,20.0,2.4501882352941173,1041.33,0.0,3.29,0.04769411764705882,20.269999999999996,0.0,7.0,0.08705882352941176,37.0
BANFI PRODUCTS CORP,-1.0,93.0,5.080575916230367,2911.17,0.0,102.72,7.865986038394417,4507.210000000001,-2.0,101.0,8.360820244328098,4790.75
BANVILLE & JONES WINE MERCHANTS,0.0,0.0,0.0,0.0,0.08,1.06,0.4344444444444444,3.9099999999999997,0.0,0.0,0.0,0.0
BARON FRANCOIS LTD,-1.0,18.0,1.287870201096892,1408.9299999999998,0.0,56.94,1.9916727605118811,2178.889999999998,-1.0,52.0,1.9776782449725785,2163.580000000001
BARREL ONE INC,1.0,3.0,1.6666666666666667,10.0,0.0,0.0,0.0,0.0,0.0,0.0,0.0,0.0
BASIGNANI WINERY,0.0,0.0,0.0,0.0,0.08,0.57,0.3385714285714286,2.37,0.0,0.0,0.0,0.0
BINDING BRAUEREI USA INC,0.0,86.83,16.7415,334.83,0.0,10.68,2.5145,50.29,0.0,15.0,2.9,58.0
BLACK ANKLE VINEYARDS LLC,0.0,0.0,0.0,0.0,0.08,0.08,0.08,0.08,1.0,1.0,1.0,1.0
BOND DISTRIBUTING CO,0.0,15.0,1.8314285714285716,166.66000000000003,0.0,0.33,0.00978021978021978,0.89,0.0,1.0,0.01098901098901099,1.0
BOORDY VINEYARDS,-0.92,9.0,1.4166666666666667,170.0,0.0,10.31,2.725250000000001,327.0300000000001,0.0,10.0,2.4160833333333334,289.93
BORVIN BEVERAGE,0.0,0.0,0.0,0.0,0.08,0.08,0.08,0.32,0.0,0.0,0.0,0.0
BOSTON BEER CORPORATION,-6.0,1055.96,101.56066539923953,53420.90999999999,0.0,393.79,20.481463878326995,10773.25,0.0,390.0,22.566463878326996,11869.96
BOUTIQUE VINEYARDS LLC,-1.0,7.0,0.9360846560846562,176.92000000000002,0.0,3.58,0.3009523809523808,56.879999999999974,-0.75,3.0,0.15084656084656087,28.510000000000005
BRONCO WINE COMPANY,0.0,50.0,3.6111019283746555,1310.83,0.0,22.05,2.1257300275482103,771.6400000000003,-2.0,35.0,1.6910468319559226,613.8499999999999
BROWN-FORMAN BEVERAGES WORLDWIDE,0.0,210.0,4.4735324675324675,5166.93,0.0,641.03,18.75273593073595,21659.41000000002,-1.0,642.49,20.490432900432896,23666.449999999993
BUCK DISTRIBUTING COMPANY INC,-2.0,282.0,28.794164759725398,12583.05,0.0,116.12,5.861624713958809,2561.5299999999997,0.0,119.0,6.478260869565218,2831.0
BULLSHINE DISTILLERY LLC,0.0,0.0,0.0,0.0,0.0,3.05,0.45649999999999996,9.129999999999999,1.0,11.0,5.45,109.0
C MONDAVI & SONS,0.0,63.0,20.109800000000003,1005.4900000000001,0.0,52.38,13.525400000000001,676.2700000000001,0.0,65.0,14.942799999999998,747.1399999999999
CABERNET CORPORATION,0.0,42.0,5.917454545454545,650.92,0.0,12.01,1.5962727272727277,175.59000000000006,-3.17,17.83,1.6863636363636363,185.5
CAFFO BEVERAGES INC,0.0,0.0,0.0,0.0,0.0,3.09,0.9271428571428572,6.49,0.0,3.0,1.1428571428571428,8.0
CALVERT BREWING COMPANY,1.0,1.0,1.0,1.0,0.0,0.0,0.0,0.0,0.0,0.0,0.0,0.0
CAMPARI AMERICA LLC,0.0,22.0,0.8069664138678223,744.83,-0.16,299.64,10.130346695557952,9350.30999999999,-0.17,298.33,10.78768147345612,9957.029999999999
CANTINIERE IMPORTS & DISTRIBUTING INC,1.0,3.0,1.1071428571428572,62.0,0.0,1.0,0.017857142857142856,1.0,0.0,1.0,0.017857142857142856,1.0
CAPE STARZ WINE LLC,0.0,9.0,1.2213740458015268,160.0,0.0,3.84,0.24083969465648855,31.55,0.0,5.0,0.1297709923664122,17.0
CASA CHIRICO LLC,1.0,13.0,3.769230769230769,98.0,0.0,0.0,0.0,0.0,0.0,0.0,0.0,0.0
CASTLE BRANDS USA CORP,0.0,161.0,2.7000281690140846,958.51,0.0,329.27,10.393408450704234,3689.660000000003,-0.34,308.92,11.061549295774649,3926.8500000000004
CELICAR LLC DBA TWIN VALLEY DISTILLERS,0.0,1.0,0.007936507936507936,1.0,0.0,8.33,0.9326984126984132,117.52000000000007,-1.0,29.0,0.451031746031746,56.83
CHADDSFORD WINERY LTD,0.0,0.0,0.0,0.0,0.08,0.66,0.225,0.9,0.0,0.0,0.0,0.0
CHARLES JACQUIN ET CIE INC,0.0,0.0,0.0,0.0,-0.01,133.98,76.62333333333332,459.73999999999995,0.0,240.0,77.15333333333332,462.91999999999996
CHATEAU DIANA LLC,0.0,2.0,0.6,3.0,0.0,0.4,0.128,0.64,0.0,0.0,0.0,0.0
CHEF SOUS LLC,0.0,0.0,0.0,0.0,0.08,1.36,0.48250000000000004,3.8600000000000003,0.0,1.0,0.125,1.0
CHEVAL QUANCARD,0.0,0.0,0.0,0.0,0.0,16.86,1.1547345132743367,260.9700000000001,-2.0,56.0,1.1405752212389384,257.7700000000001
CLASSIC WINE IMPORTS INC,0.0,0.0,0.0,0.0,0.17,1.7,0.55125,4.41,0.0,0.0,0.0,0.0
CLASSIC WINE IMPORTS INC DBA VISION WINE,0.0,6.0,0.4864864864864865,18.0,0.0,8.78,1.7743243243243245,65.65,0.0,10.0,2.108108108108108,78.0
CLIPPER CITY BREWING CO,0.0,478.0,41.50894736842105,10252.71,0.0,115.5,12.355627530364364,3051.839999999998,0.0,116.0,14.575384615384616,3600.12
COASTAL BREWING COMPANY LLC,-1.0,129.0,18.915384615384614,3688.5,0.0,34.99,2.8922051282051284,563.98,0.0,28.0,3.1846153846153844,621.0
COMETE WINES LLC,0.0,5.0,1.0101010101010102,100.0,0.0,3.56,0.3146464646464645,31.149999999999988,-0.08,6.0,0.28121212121212125,27.840000000000003
CONSTANTINE WINES INC,-11.0,366.92,4.365647355163728,8665.81,-0.25,59.94,0.9783879093198994,1942.1000000000004,-0.33,59.0,1.0001309823677582,1985.2600000000002
CONSTELLATION BRANDS,0.0,507.0,15.772977902490346,44968.75999999998,0.0,428.38,19.10645738337427,54472.510000000046,-1.0,448.33,21.23539109084528,60542.0999999999
COPPER CANE LLC,0.0,46.0,3.1913043478260867,367.0,0.0,37.34,3.1680869565217398,364.3300000000001,-0.17,42.83,3.5362608695652176,406.67
CRAFT BREW ALLIANCE INC,0.0,56.0,21.59375,345.5,0.0,4.5,1.78375,28.54,0.0,4.0,1.5625,25.0
CRAFT WINE & SPIRITS OF MARYLAND LLC,0.0,4.0,0.21379310344827587,31.0,0.0,45.94,2.0831034482758635,302.0500000000002,0.0,37.0,1.4953793103448276,216.83
CROWN IMPORTS,0.0,16271.75,1438.7709677419361,579824.7000000003,0.0,1249.0,66.27253101736974,26707.830000000005,0.0,1180.0,73.35401985111662,29561.67
D'AQUINO ITALIAN IMPORTING CO INC,0.0,1.0,0.5,1.0,0.0,0.16,0.08,0.16,0.0,0.0,0.0,0.0
DANGEROUS WINE GROUP LLC,0.0,21.0,2.0625,132.0,0.0,2.14,0.18796875000000005,12.030000000000003,0.0,3.0,0.125,8.0
DC BRAU BREWING LLC,-1.0,361.25,51.06013605442177,7505.84,0.0,120.16,14.884081632653055,2187.959999999999,0.0,116.0,16.75482993197279,2462.96
DCD ENTERPRISES LLC,0.0,0.0,0.0,0.0,0.0,0.16,0.08,0.16,0.0,1.0,0.5,1.0
DELICATO FAMILY VINEYARDS,0.0,104.0,11.468754266211604,6720.6900000000005,-0.08,167.63,23.106911262798615,13540.649999999989,-2.0,179.0,25.211313993174066,14773.830000000004
DELMAR BREWING COMPANY LLC,0.0,252.67,22.36830578512397,5413.13,0.0,80.54,4.659462809917356,1127.5900000000001,0.0,82.0,5.871900826446281,1421.0
DESCHUTES BREWERY INC,0.0,106.0,33.21875,1063.0,0.0,37.08,12.5384375,401.23,0.0,38.0,14.0625,450.0
DEUTSCH FAMILY WINE & SPIRITS,-3.0,207.0,14.788872266973534,12851.53,-1.0,252.34,16.026962025316454,13927.429999999998,-1.0,286.76,17.770609896432685,15442.660000000002
DIAGEO NORTH AMERICA INC,-1.0,1383.0,16.277491749174914,54252.87999999999,-2.47,492.37,17.298637863786414,57656.36000000012,-2.0,497.83,18.892325232523234,62968.11999999994
DIONYSOS IMPORTS INC,-3.0,90.0,2.9232194244604317,4875.93,0.0,21.05,0.3233633093525183,539.3700000000005,-2.0,18.0,0.3101618705035972,517.3500000000001
DISARONNO INTERNATIONAL LLC,0.0,5.0,0.49122807017543857,28.0,0.0,63.42,9.699824561403512,552.8900000000002,-0.01,81.0,8.977894736842105,511.74
DMV DISTRIBUTING LLC,0.0,63.0,2.4836674008810573,2255.17,-0.58,12.65,0.4219713656387669,383.1500000000004,-0.34,19.0,0.48460352422907493,440.02000000000004
DOGFISH HEAD CRAFT BREWERY,-3.0,1027.96,72.41487252124647,25562.45,0.0,371.11,16.19501416430595,5716.84,0.0,348.0,18.19960339943343,6424.46
DOGFISH HEAD DISTILLERY LLC,0.0,5.0,1.28125,41.0,0.0,10.16,3.7346875000000006,119.51000000000002,0.0,10.0,3.203125,102.5
DOMAINE SELECT WINE & SPIRITS LLC,0.0,4.0,0.5127777777777778,36.92,0.0,3.85,0.6230555555555555,44.85999999999999,0.0,6.0,0.5254166666666666,37.83
DON SEBASTIANI & SONS,0.0,34.0,6.590000000000001,579.9200000000001,0.0,49.9,6.954999999999998,612.0399999999998,-1.0,50.0,7.48590909090909,658.76
DOPS INC,-1.0,117.0,3.4264722333200157,8576.46,0.0,22.0,0.42387534958050366,1060.9600000000007,0.0,23.0,0.4455333599680384,1115.17
DRAGON DISTILLERY LLC,0.0,0.0,0.0,0.0,0.0,2.86,0.7050000000000001,63.45,-0.89,27.0,0.7753333333333333,69.78
DREYFUS ASHBY INC,0.0,0.0,0.0,0.0,0.16,0.41,0.285,0.57,0.0,0.0,0.0,0.0
DUCKHORN WINE COMPANY,-1.0,44.0,3.4659685863874348,662.0,-0.08,69.64,4.857748691099475,927.8299999999998,0.0,51.0,5.511832460732984,1052.76
DUCLAW BREWERY LLC,0.0,87.0,9.475247524752476,1914.0,0.0,54.83,2.9018316831683166,586.17,0.0,51.0,3.370049504950495,680.75
DUGGANS DISTILLERS PROD,-1.0,8.0,0.2809747292418773,77.83,0.0,38.07,3.011371841155236,834.1500000000004,-0.51,42.0,3.310036101083033,916.8800000000001
DUVEL MOORTGAT USA LTD,0.0,52.0,7.166666666666667,516.0,0.0,13.79,1.870138888888889,134.65,0.0,16.0,2.1527777777777777,155.0
Default,0.0,0.0,0.0,0.0,0.0,368.64,13.887608695652178,1277.6600000000003,-0.08,428.0,13.707826086956521,1261.12
E & J GALLO WINERY,-2.0,462.0,16.190831013064887,75594.98999999996,0.0,813.84,14.447554080102822,67455.63000000008,-5.0,841.0,16.091203683872315,75129.82999999984
E M D SALES INC,0.0,15.0,1.748712121212121,230.82999999999998,0.0,3.77,0.3942424242424242,52.04,-2.75,4.0,0.29734848484848486,39.25
EASTERN LIQUOR DISTRIBUTORS INC,0.0,50.0,8.08421052631579,768.0,0.0,41.57,9.058000000000003,860.5100000000003,0.0,51.0,10.09484210526316,959.0100000000001
ELITE WINES IMPORTS,-1.0,41.0,3.335501672240803,3989.26,0.0,9.32,0.19913043478260856,238.15999999999983,-1.0,9.0,0.18659698996655516,223.17
ELK RUN VINEYARDS,0.0,8.0,0.74536,93.17,0.0,20.15,1.42672,178.34,0.0,17.0,1.12656,140.82
EVEREST SPIRITS LLC,0.0,0.0,0.0,0.0,0.0,6.56,1.541153846153846,40.07,-0.17,10.0,1.2111538461538462,31.490000000000002
EXCELSIOR WINE COMPANY LLC,0.0,254.0,32.6565780730897,9829.63,0.0,147.36,24.454983388704314,7360.949999999998,0.0,164.5,27.68328903654485,8332.67
FAR NIENTE WINERY INC,0.0,1.0,0.07692307692307693,1.0,0.0,2.0,0.503076923076923,6.539999999999999,0.0,2.0,0.6153846153846154,8.0
FAROPIAN SPIRITS LTD,0.0,6.0,1.4444444444444444,13.0,0.0,0.16,0.017777777777777778,0.16,0.0,1.0,0.1111111111111111,1.0
FERRARI CARANO WINERY,0.0,18.0,1.3529411764705883,115.0,0.0,15.9,2.9927058823529413,254.38,0.0,15.0,2.7471764705882347,233.50999999999996
FETZER VINEYARDS,0.0,33.0,6.364532019704433,1292.0,-0.08,62.76,11.51354679802955,2337.2499999999986,-0.08,66.0,12.981182266009853,2635.1800000000003
FIFTH GENERATION INC,0.0,244.0,43.105,2155.25,0.0,1616.6,259.871,12993.55,19.0,1587.99,283.1674,14158.369999999999
FIORE WINERY,0.0,0.0,0.0,0.0,0.16,0.16,0.16,0.16,0.0,0.0,0.0,0.0
FIVE GRAPES LLC,0.0,17.0,1.5238095238095237,160.0,0.0,3.77,0.3393333333333332,35.62999999999999,0.0,5.0,0.3238095238095238,34.0
FLAVOR SEEKERS LLC,0.0,0.0,0.0,0.0,0.08,0.4,0.13764705882352937,2.3399999999999994,0.0,0.0,0.0,0.0
FLYING DOG BREWERY LLLP,-1.0,1138.5,120.17104325699744,47227.219999999994,0.0,229.07,26.21139949109415,10301.08,0.0,247.0,30.185445292620862,11862.88
FN CELLARS LLC,0.0,4.0,0.42857142857142855,30.0,0.0,4.29,0.5718571428571431,40.030000000000015,0.0,6.0,0.6285714285714286,44.0
FOLEY FAMILY WINES INC,0.0,0.0,0.0,0.0,0.0,3.16,1.1490000000000002,11.490000000000002,-0.08,13.0,1.6920000000000002,16.92
FOWLES WINE USA INC,1.0,4.0,1.6875,27.0,0.0,0.0,0.0,0.0,0.0,0.0,0.0,0.0
FRANCIS COPPOLA WINERY LLC,0.0,68.0,4.235431472081219,1668.7600000000002,0.0,115.52,8.293553299492384,3267.6599999999994,-0.08,130.92,9.178680203045689,3616.4000000000015
FRANK LIN MD,0.0,0.0,0.0,0.0,0.0,5.77,1.4371428571428575,30.180000000000007,0.0,11.0,1.2223809523809526,25.67
FREDERICK P WINNER LTD,-1.0,74.0,6.55103448275862,379.96,0.0,47.25,2.0994827586206894,121.77,0.0,48.0,2.7241379310344827,158.0
FREDERICK WILDMAN & SONS,0.0,11.0,3.2333333333333334,97.0,0.0,16.72,5.599333333333333,167.98,0.0,17.0,5.7973333333333334,173.92000000000002
FREE RUN WINE MERCHANTS LLC,-1.0,10.0,1.4922666666666666,111.92,0.0,0.42,0.02173333333333333,1.63,0.0,1.0,0.013333333333333334,1.0
FREELANCE WINES LLC,0.0,0.0,0.0,0.0,0.0,0.0,0.0,0.0,0.0,0.0,0.0,0.0
FREIXENET USA,0.0,222.0,7.8972131147540985,1926.92,0.0,264.53,11.158401639344257,2722.6499999999987,-3.0,309.0,11.94844262295082,2915.42
FRITZ IMPORTS LLC,0.0,0.0,0.0,0.0,0.0,3.39,1.7344444444444447,15.610000000000001,0.0,5.0,1.2222222222222223,11.0
FRONT PORCH MICRO WINERY LLC,0.0,2.0,0.049586776859504134,6.0,0.0,4.64,0.9466942148760324,114.54999999999993,0.0,25.0,1.2300826446280992,148.84
FRUIT OF THE VINES INC,-1.0,6.0,0.4594594594594595,17.0,0.0,19.51,4.894594594594595,181.1,0.0,21.0,5.106486486486486,188.93999999999997
FX MATT BREWING CO,0.0,33.0,7.925925925925926,214.0,0.0,13.25,5.388888888888889,145.5,0.0,15.0,5.481481481481482,148.0
GAMBRINUS,0.0,251.0,49.17569230769231,3196.42,0.0,78.44,13.452769230769228,874.4299999999998,0.0,98.0,15.138461538461538,984.0
GATOR RON'S LLC,0.0,0.0,0.0,0.0,0.17,0.17,0.17,0.17,0.0,0.0,0.0,0.0
GEORGIAN HOUSE OF GREATER WASHINGTON,0.0,2.0,0.5,8.0,0.0,3.03,0.655625,10.49,0.0,3.0,0.5,8.0
GF WINES  LLC DBA GARY FARRELL WINERY,0.0,3.0,0.36363636363636365,8.0,0.0,2.89,1.1263636363636362,24.779999999999998,0.0,3.0,0.9018181818181819,19.84
GLOBAL OCEAN AND AIR CARGO SERVICES,0.0,71.0,10.603417721518989,837.6700000000001,0.0,14.69,1.8297468354430384,144.55000000000004,0.0,23.0,2.170886075949367,171.5
GOOSE RIDGE LLC,0.0,20.0,3.3225806451612905,206.0,0.0,1.57,0.15661290322580648,9.710000000000003,-0.08,0.0,-0.0012903225806451613,-0.08
GRAIL POINT BREWERY LLC,1.0,4.0,1.5,15.0,0.0,0.0,0.0,0.0,0.0,0.0,0.0,0.0
GRAND ENCLOS DU CHATEAU DE CERONS,0.0,0.0,0.0,0.0,0.08,1.55,0.6507142857142858,9.110000000000001,-0.08,0.0,-0.005714285714285714,-0.08
GRAPES & BARLEY LLC,-1.0,70.0,3.904826446280992,2362.42,0.0,9.16,0.27472727272727276,166.21000000000004,-1.67,7.0,0.24738842975206604,149.66999999999996
GRAPES OF SPAIN INC,-1.0,57.0,5.815181644359465,3041.34,0.0,25.27,0.888240917782027,464.5500000000001,0.0,23.0,0.9017208413001913,471.6
GROTH VINEYARDS & WINERY,-1.0,1.0,0.03571428571428571,1.0,0.0,2.63,0.9060714285714283,25.369999999999994,0.0,8.0,1.25,35.0
HAMCO DC,0.0,0.0,0.0,0.0,0.0,0.0,0.0,0.0,9.0,53.0,27.444444444444443,247.0
HARVEST IMPORTING LLC,0.0,70.0,2.8135593220338984,166.0,0.0,1.71,0.08050847457627118,4.75,0.0,2.0,0.03389830508474576,2.0
HEAVEN HILL DISTILLERIES INC,-1.0,140.0,2.510311149524633,2904.4300000000003,-1.99,286.26,15.95759723422645,18462.940000000002,-7.0,277.0,17.337363872082967,20059.329999999994
HEIMBUCH ESTATE VINEYARDS AND WINERY LLC,0.0,0.0,0.0,0.0,0.08,0.56,0.2422222222222222,2.1799999999999997,-0.42,0.0,-0.09222222222222222,-0.83
HEINEKEN USA,0.0,9441.5,654.645975359343,318812.59,0.0,851.0,42.96338809034908,20923.170000000002,0.0,777.0,47.23665297741273,23004.25
HOME BREW MART INC,-0.5,69.0,11.623263157894737,1104.21,0.0,28.7,3.497052631578947,332.21999999999997,0.0,27.0,3.7473684210526317,356.0
HONIG VINEYARD AND WINERY,0.0,20.0,7.473684210526316,142.0,0.0,16.03,5.220526315789474,99.19000000000001,-0.08,13.0,5.206315789473685,98.92
IMPERO WINE DISTRIBUTORS VIRGINIA INC,1.0,12.0,2.6666666666666665,120.0,0.0,0.0,0.0,0.0,0.0,0.0,0.0,0.0
INFINIUM SPIRITS INC,0.0,6.0,0.46153846153846156,12.0,0.0,46.51,15.034615384615385,390.90000000000003,-2.0,46.0,16.96153846153846,441.0
INTERBALT PRODUCTS CORP,-1.0,37.0,1.9569565217391305,2565.57,0.0,10.83,0.24297482837528583,318.53999999999974,-1.33,9.0,0.20094584286803963,263.43999999999994
INTERNATIONAL CELLARS LLC,0.0,24.0,1.9250936329588015,514.0,0.0,1.5,0.046479400749063676,12.410000000000002,-0.08,3.0,0.05400749063670412,14.42
INTERNATIONAL SPIRITS & WINES LLC,0.0,0.0,0.0,0.0,0.08,1.88,0.665217391304348,15.300000000000004,0.0,0.0,0.0,0.0
J LOHR WINERY,-1.0,160.92,6.736492146596859,1286.67,0.0,171.94,10.364659685863868,1979.649999999999,0.0,186.0,11.904921465968588,2273.84
JACK POUST & COMPANY INC,0.0,19.0,1.5898165137614677,346.58,0.0,57.73,6.410091743119265,1397.3999999999999,0.0,50.0,6.51605504587156,1420.5
JACKSON FAMILY ENTERPRISES INC,0.0,528.0,24.74412915851272,12644.25,-2.0,332.4,21.318962818003893,10893.989999999989,-2.0,369.84,23.530821917808222,12024.250000000002
JIM BEAM BRANDS CO,0.0,36.92,1.0676084578928182,2928.4500000000003,-0.01,508.18,14.27516952242074,39156.79000000009,-3.0,538.0,15.683773240976999,43020.58999999991
JOHN GIVEN WINES INC,0.0,36.0,5.636363636363637,186.0,0.0,33.89,5.526666666666666,182.38,0.0,37.0,4.967272727272727,163.92
JORDAN VINEYARD,0.0,12.0,2.6451612903225805,82.0,0.08,6.42,1.7941935483870965,55.61999999999999,0.0,10.0,1.949032258064516,60.42
JOS VICTORI WINES,-1.0,38.0,3.0103430079155675,1140.92,0.0,18.74,0.866279683377309,328.3200000000001,-1.0,16.0,0.8300527704485489,314.59000000000003
KAHN PAPER COMPANY INC,0.0,0.0,0.0,0.0,0.0,0.0,0.0,0.0,3.0,135.0,52.53488372093023,2259.0
KATCEF BROTHERS INC,-3.0,285.0,13.346951399116348,9062.58,0.0,49.0,1.9489396170839468,1323.33,0.0,50.0,2.366715758468336,1607.0
KING ESTATE WINERY,0.0,21.0,8.775,351.0,0.0,33.72,12.511,500.44,2.0,40.0,13.521,540.84
KLEIN FAMILY VINTNERS,-2.0,25.0,2.7982456140350878,319.0,0.0,61.32,11.607280701754386,1323.23,-0.83,64.92,12.763333333333334,1455.02
KOBRAND CORPORATION,-1.0,40.0,3.4393305439330546,1644.0,0.0,53.64,5.718493723849376,2733.4400000000014,-0.16,61.0,6.102301255230127,2916.9000000000005
KYSELA PERE ET FILS LTD,-1.0,180.92,4.027911622276029,6654.110000000001,-6.49,136.41,1.9006476997578705,3139.870000000002,-1.0,165.0,2.0095217917675554,3319.7300000000014
LA ISLA CORPORATION,1.0,9.0,2.450909090909091,53.92,0.0,0.33,0.022272727272727274,0.49,0.0,0.0,0.0,0.0
LABATT USA OPERATING CO LLC,0.0,209.0,42.26150943396227,6719.58,0.0,94.8,13.730440251572325,2183.14,0.0,105.0,15.383647798742139,2446.0
LAIRD AND COMPANY,0.0,3.0,0.4107142857142857,23.0,0.0,19.82,2.826607142857143,158.29000000000002,0.0,24.0,2.9076785714285713,162.82999999999998
LANTERNA DISTRIBUTORS INC,-2.0,43.0,2.4113178294573645,3110.6000000000004,-0.09,9.77,0.15218604651162804,196.32000000000016,-0.92,14.0,0.17249612403100775,222.52
LAPHAM SALES & MARKETING DBA LAPHAM,0.0,65.0,6.289321428571429,1761.0100000000002,0.0,93.83,9.491785714285713,2657.7,-1.0,84.0,10.104214285714287,2829.1800000000003
LATITUDE BEVERAGE COMPANY,-2.0,19.0,2.6358024691358026,427.0,0.0,3.07,0.1462345679012346,23.690000000000005,0.0,3.0,0.12037037037037036,19.5
LCF WINE COMPANY LLC,0.0,47.0,5.603333333333333,537.92,0.0,1.4,0.1654166666666667,15.880000000000004,-0.17,3.0,0.09197916666666667,8.83
LEGACY PARTNERS DISTRIBUTION LLC,0.0,1.0,0.0784313725490196,4.0,0.0,8.63,1.6107843137254902,82.15,-0.17,3.0,0.3462745098039215,17.659999999999997
LEGENDS LTD,-18.0,340.93,6.542766654532217,35945.96,-0.11,93.75,0.6897269748816885,3789.359999999997,-11.0,96.0,0.7923370950127412,4353.1
LUNEAU USA INC,0.0,65.0,3.7761194029850746,2024.0,-0.25,66.07,3.4941604477611956,1872.8700000000008,-0.08,87.0,3.781156716417912,2026.7000000000007
LUXCO SPIRITED BRANDS,-1.0,67.0,0.9473684210526315,504.0,0.0,40.61,4.745451127819551,2524.580000000001,-0.17,50.0,4.914135338345864,2614.3199999999997
LYON DISTILLING COMPANY LLC,0.0,0.0,0.0,0.0,0.34,5.59,1.6388888888888888,29.5,0.0,1.0,0.4444444444444444,8.0
MACCHU PISCO LLC,0.0,27.0,9.05,181.0,0.0,27.35,11.6255,232.51000000000002,0.0,35.0,12.682999999999998,253.65999999999997
MADIDUS LLC,0.0,2.0,0.38461538461538464,5.0,0.0,2.55,0.6369230769230769,8.28,0.0,5.0,0.7692307692307693,10.0
MAISON JOMERE LTD,0.0,0.0,0.0,0.0,0.08,0.24,0.12,0.72,0.0,0.0,0.0,0.0
MARK ANTHONY BRANDS INC,0.0,367.0,81.70629310344827,9477.93,0.0,111.45,15.128965517241376,1754.9599999999996,0.0,121.0,16.96551724137931,1968.0
MARQUEE SELECTIONS LLC,1.0,1.0,1.0,8.0,0.0,0.0,0.0,0.0,0.0,0.0,0.0,0.0
MASS BAY BREWING CO,-1.0,126.0,27.412087912087912,2494.5,-0.13,63.29,7.238791208791207,658.7299999999999,0.0,61.0,8.208791208791208,747.0
MAST-JAEGERMEISTER US INC,0.0,13.0,1.9473684210526316,111.0,0.08,50.71,11.907192982456136,678.7099999999998,-0.02,51.0,10.584561403508772,603.32
MEIOMI,0.0,0.0,0.0,0.0,0.08,0.42,0.1875,0.75,0.0,0.0,0.0,0.0
MERRYVALE VINEYARDS,0.0,0.0,0.0,0.0,0.0,1.83,0.49399999999999994,2.4699999999999998,0.0,2.0,0.4,2.0
MEXCOR INTERNATIONAL,0.0,18.0,4.409090909090909,97.0,0.0,0.73,0.14545454545454548,3.2,0.0,2.0,0.13636363636363635,3.0
MHW LTD,-3.0,179.0,3.730566534914361,2831.5,-0.77,47.16,3.1794334650856366,2413.1899999999982,-1.0,112.0,4.186719367588933,3177.7200000000003
MICHAEL R DOWNEY SELECTIONS INC,0.0,19.0,2.4421771217712176,661.8299999999999,0.0,30.36,0.5870110701107013,159.08000000000004,-0.42,32.0,0.6512915129151291,176.5
MILLER BREWING COMPANY,-3.0,9347.97,443.89411627906986,572623.4100000001,0.0,738.0,27.14932558139537,35022.63000000003,0.0,781.0,30.369511627906974,39176.67
MOET HENNESSY USA,-1.0,114.0,2.578010810810811,2384.66,-0.17,268.78,10.194172972972988,9429.610000000013,-4.0,304.0,10.884508108108106,10068.169999999998
MONDO VINO,0.0,0.0,0.0,0.0,0.08,0.65,0.2317857142857143,6.49,0.0,0.0,0.0,0.0
MONOCACY BREWING CO LLC,0.0,11.0,2.625,42.0,0.0,3.0,0.625,10.0,0.0,6.0,1.0625,17.0
MONSIEUR TOUTON SELECTION,-4.0,85.0,2.375125616341865,10115.660000000002,0.0,28.94,0.542439539798074,2310.2499999999973,-1.0,29.0,0.567936135243015,2418.840000000001
MONTEBELLO BRANDS INC,0.0,30.0,1.5357142857142858,86.0,0.0,46.18,15.636071428571427,875.6199999999999,0.0,54.0,17.28875,968.1700000000001
NARRAGANSETT BREWING COMPANY,1.0,33.0,15.482142857142858,216.75,0.0,0.25,0.017857142857142856,0.25,0.0,1.0,0.07142857142857142,1.0
NEW BELGIUM BREWING INC,0.0,638.0,79.96940860215054,14874.31,0.0,262.62,20.017741935483862,3723.2999999999984,0.0,278.96,22.69715053763441,4221.67
NEW PARROTT & CO,0.0,36.0,4.088709677419355,507.0,0.0,101.0,9.253467741935482,1147.4299999999998,-3.08,90.0,9.789274193548387,1213.87
NICE LEGS LLC,0.0,0.0,0.0,0.0,0.08,0.33,0.194,0.97,0.0,0.0,0.0,0.0
NICHE IMPORTERS,0.0,21.0,1.5551470588235294,211.5,0.0,45.9,2.4422058823529413,332.14000000000004,-1.0,36.0,2.31389705882353,314.69000000000005
NICKOLAS IMPORTS LLC,0.0,3.0,1.372093023255814,118.0,0.0,0.32,0.013953488372093023,1.2,0.0,4.0,0.046511627906976744,4.0
NOBLE VINTNERS INC,0.0,0.0,0.0,0.0,0.08,1.86,0.2817391304347826,6.48,0.0,0.0,0.0,0.0
NORTH LOCK LLC DBA PORT CITY BREWING CO,-1.0,97.0,13.705521472392638,2234.0,0.0,37.0,5.648466257668712,920.7,0.0,42.0,6.674846625766871,1088.0
NOVELTY MD INC,0.0,0.0,0.0,0.0,1.85,4.3,2.922222222222222,26.299999999999997,0.0,7.0,3.3333333333333335,30.0
OCEAN CITY BREWING CO LLC,0.0,0.0,0.0,0.0,0.08,1.76,0.4625806451612904,14.340000000000002,-0.16,0.0,-0.01032258064516129,-0.32
OENOS LLC,0.0,10.0,2.259259259259259,61.0,0.0,0.4,0.050740740740740746,1.37,0.0,1.0,0.037037037037037035,1.0
ONE TRUE VINE,0.0,77.0,8.685714285714285,912.0,0.0,55.99,10.577523809523813,1110.6400000000003,-0.08,67.92,11.943809523809525,1254.1000000000001
OPICI FAMILY DISTRIBUTING OF MD,-1.0,80.0,2.6505455481214617,5150.01,-0.33,25.09,0.5711734431291824,1109.7900000000013,-0.84,58.0,0.6289140504374678,1221.98
ORGANIC VINTNERS INC,0.0,0.0,0.0,0.0,0.08,0.33,0.15000000000000002,0.9000000000000001,0.0,0.0,0.0,0.0
OSLO ENTERPRISE,0.0,17.0,1.557151162790698,267.83000000000004,0.0,6.8,0.1594186046511628,27.42,0.0,8.0,0.18215116279069765,31.33
PABST BREWING CO,0.0,1166.0,141.52249999999992,49815.91999999997,0.0,190.0,12.30142045454545,4330.0999999999985,0.0,205.0,13.829545454545455,4868.0
PACIFIC RIM WINEMAKERS,0.0,0.0,0.0,0.0,0.0,0.0,0.0,0.0,0.0,0.0,0.0,0.0
PALM BAY IMPORTS,-2.0,241.0,22.120684210526317,4202.93,0.0,227.9,20.291999999999998,3855.4799999999996,0.0,237.0,21.92626315789474,4165.990000000001
PAMPA BEVERAGES LLC DBA TRANSNATIONAL SU,2.0,25.0,12.0,36.0,0.0,1.0,0.3333333333333333,1.0,0.0,1.0,0.3333333333333333,1.0
PARK STREET IMPORTS LLC,0.0,4.0,0.2087912087912088,19.0,-1.0,17.27,2.7482417582417584,250.09,0.0,21.0,2.764725274725274,251.58999999999995
PATERNO IMPORTS LTD,-1.0,23.0,1.5089655172413792,743.92,-1.49,35.89,2.3468559837728233,1157.0000000000018,-2.0,36.0,2.19210953346856,1080.71
PERNOD RICARD USA LLC,-7.0,140.0,1.7042803660565724,4097.09,0.0,399.94,10.394571547420965,24988.55,-7.0,451.0,11.283294509151396,27125.039999999957
PIPE CREEK WINES LLC,0.0,7.0,1.5849056603773586,252.0,0.0,8.56,0.6105660377358488,97.07999999999997,0.0,20.0,1.020440251572327,162.25
PLATA WINE PARTNERS LLC,0.0,4.0,2.0,22.0,0.0,0.66,0.19272727272727275,2.12,0.0,1.0,0.18181818181818182,2.0
PLUME RIDGE IRREVOCABLE TRUST,0.0,9.0,3.810909090909091,41.92,0.0,0.08,0.007272727272727273,0.08,0.0,0.0,0.0,0.0
POTOMAC SELECTIONS INC,0.0,20.0,1.4339622641509433,76.0,0.0,12.32,0.3877358490566038,20.55,0.0,30.0,0.7547169811320755,40.0
PRECEPT BRANDS LLC,0.0,6.0,1.736842105263158,33.0,0.0,1.07,0.16210526315789475,3.08,0.0,5.0,0.8421052631578947,16.0
PREMIUM DISTRIBUTORS OF MARYLAND,1.0,2.0,1.6666666666666667,5.0,0.0,0.0,0.0,0.0,0.0,0.0,0.0,0.0
PRESTIGE BEVERAGE GROUP OF MD LLC,-1.0,28.0,1.2672645502645503,2395.13,-1.0,30.37,0.898534391534393,1698.2300000000027,-4.0,29.0,0.8535873015873019,1613.2800000000007
PRESTIGE WINE IMPORTS,0.0,41.0,5.154315789473684,489.65999999999997,0.0,45.53,5.161999999999999,490.38999999999993,-0.08,57.0,5.721157894736842,543.51
PROXIMO SPIRITS INC,0.0,43.0,0.699642431466031,587.0,-0.17,152.19,13.724243146603103,11514.640000000003,-2.0,155.0,14.978688915375443,12567.119999999997
PUNTO VINO LLC,-2.0,36.0,3.35602492211838,5386.42,0.0,10.47,0.1216760124610592,195.29000000000002,-0.75,12.92,0.13110903426791276,210.42999999999998
PWSWN INC,-1.0,41.0,3.2719444444444443,3180.33,0.0,6.43,0.12356995884773644,120.10999999999983,-0.25,13.0,0.13905349794238683,135.16
QUINTESSENTIAL LLC,-1.0,283.0,3.0520459290187896,1461.9300000000003,-0.58,115.46,2.6259290187891455,1257.8200000000006,-0.75,160.0,2.581169102296451,1236.3799999999999
RAPP CAPITAL LLC,0.0,5.0,1.4615384615384615,19.0,0.0,5.03,0.8399999999999999,10.919999999999998,0.0,8.0,1.9230769230769231,25.0
RED INK IMPORTS,-1.0,8.0,1.1517857142857142,129.0,0.0,1.07,0.13125000000000003,14.700000000000005,-0.17,2.0,0.09669642857142857,10.83
RED MOUNTAIN DISTILLING & SPIRITS LLC,0.0,0.0,0.0,0.0,0.17,2.0,1.3333333333333333,4.0,0.0,4.0,1.3333333333333333,4.0
RELIABLE CHURCHILL LLLP,-1.0,78.0,1.457552374301676,4174.43,0.0,253.22,3.3226222067039015,9515.989999999974,-0.58,262.0,3.313512569832402,9489.9
REMY COINTREAU USA,0.0,13.0,0.7855759162303666,300.09000000000003,0.0,129.35,10.82091623036649,4133.589999999999,-0.17,126.0,11.821989528795811,4516.0
REPUBLIC NATIONAL DISTRIBUTING CO,-3.0,537.92,2.829899451553929,27863.189999999988,-0.25,71.5,1.3213640056875735,13010.149999999849,-27.66,68.0,1.3225858216534638,13022.180000000004
REPUBLIC RESTORATIVES,0.0,1.0,0.1,1.0,0.0,4.07,1.4739999999999998,14.739999999999998,0.0,2.0,0.6,6.0
ROBERT GIRAUD,0.0,3.0,0.4,4.0,0.0,7.83,3.8300000000000005,38.300000000000004,0.0,8.0,3.7,37.0
ROBERT KACHER SELECTIONS LLC,-1.0,1.0,0.029411764705882353,1.0,0.0,0.99,0.21176470588235297,7.200000000000001,0.0,1.0,0.029411764705882353,1.0
ROBERT OATLEY,1.0,13.0,5.444444444444445,49.0,0.0,1.15,0.30777777777777776,2.77,0.0,1.0,0.1111111111111111,1.0
ROBERT OATLEY VINEYARDS INC,-1.0,30.0,2.5561818181818183,140.59,0.0,2.27,0.2536363636363637,13.950000000000003,0.0,3.0,0.35909090909090907,19.75
ROOTS RUN DEEP LLC,0.0,33.0,4.3428571428571425,152.0,0.0,28.13,5.720857142857143,200.23,0.0,39.0,5.871714285714286,205.51
ROYAL WINE CORP,0.0,132.0,1.9074321880650997,3164.4300000000003,-0.41,107.36,1.0921458710066323,1811.8700000000028,-1.17,116.92,1.2956419529837253,2149.4700000000003
RUSSIAN STANDARD VODKA (USA) INC,0.0,3.0,0.6,18.0,0.0,23.37,10.250333333333332,307.50999999999993,0.0,24.0,10.994333333333334,329.83
RUTHERFORD WINE COMPANY,0.0,61.0,18.1784,908.92,0.0,4.25,0.7437999999999999,37.19,0.0,5.0,0.57,28.5
RVWC LLC,0.0,2.0,0.8571428571428571,18.0,0.0,0.25,0.030952380952380953,0.65,0.0,0.0,0.0,0.0
SABLE RIDGE VINEYARD LLC,0.0,0.0,0.0,0.0,0.08,0.16,0.128,0.64,0.0,0.0,0.0,0.0
SAGAMORE WHISKEY LLC,0.0,4.0,1.3333333333333333,20.0,0.0,37.54,14.181333333333331,212.71999999999997,2.0,33.0,15.866666666666667,238.0
SALVETO IMPORTS LLC,0.0,113.0,13.504615384615386,1228.92,0.0,2.0,0.10131868131868133,9.22,0.0,2.0,0.06505494505494505,5.92
SAN ANTONIO WINERY INC,0.0,26.0,6.833333333333333,164.0,0.0,35.62,9.550833333333333,229.22,0.0,37.92,12.524999999999999,300.59999999999997
SANGLIER SELECTIONS LLC,0.0,0.0,0.0,0.0,0.0,0.67,0.15066666666666664,2.26,-1.0,1.0,0.05533333333333334,0.8300000000000001
SANTA MARGHERITA USA INC,0.0,85.0,6.987142857142858,586.9200000000001,0.0,130.93,9.19440476190476,772.3299999999999,-1.0,141.0,9.593333333333334,805.84
SAZERAC CO,-3.0,179.0,3.5220318725099604,5304.18,0.0,673.4,17.11330013280211,25772.62999999998,-2.0,855.0,18.47256308100928,27819.679999999975
SCHEID VINEYARDS CALIFORNIA INC,0.0,2.0,1.0,4.0,0.0,0.0,0.0,0.0,0.0,1.0,0.25,1.0
SCHMITT SOHNE INC,0.0,88.0,6.96039603960396,703.0,0.0,31.48,9.28524752475248,937.8100000000004,0.0,33.0,10.068514851485148,1016.92
SCHUG CARNEROS ESTATE WINERY,0.0,10.0,1.2150537634408602,113.0,0.0,11.12,0.8984946236559134,83.55999999999995,0.0,8.0,0.6765591397849463,62.92
SCOPERTA IMPORTING COMPANY INC,0.0,9.0,1.275,51.0,0.0,2.29,0.2735000000000001,10.940000000000003,0.0,4.0,0.275,11.0
SERRALLES USA LLC,0.0,26.0,0.8840579710144928,61.0,0.0,23.39,3.886231884057971,268.15,0.0,24.0,4.159420289855072,287.0
SIDNEY-FRANK IMPORTING CO,0.0,18.0,1.4242424242424243,47.0,0.0,38.87,6.076060606060607,200.51000000000002,-0.04,99.0,11.150303030303032,367.96000000000004
SIERRA NEVADA BREWING CO,-45.0,688.96,79.9981052631579,22799.46,0.0,242.79,14.622631578947361,4167.449999999998,0.0,281.0,16.431578947368422,4683.0
SIMON N CELLARS LLC,0.0,3.0,1.3191489361702127,62.0,0.0,1.79,0.19042553191489364,8.950000000000001,0.0,5.0,0.19148936170212766,9.0
SINGHA NORTH AMERICA INC,0.0,189.0,138.171,1381.71,0.0,54.0,36.737,367.37,29.0,59.0,42.0,420.0
SMITH-ANDERSON ENTERPRISES INC,0.0,0.0,0.0,0.0,0.08,1.29,0.5825,2.33,0.0,6.67,1.6675,6.67
SOKOL BLOSSER LTD,0.0,4.0,0.28,14.0,0.0,12.81,2.5587999999999997,127.93999999999998,0.0,10.0,1.52,76.0
SOUTHERN GLAZERS WINE AND SPIRITS,-2.0,153.0,2.9931826861871422,14106.87,-0.43,131.6,1.6639019732654328,7841.969999999985,-2.0,127.0,1.7208402291534057,8110.3200000000015
SOUTHERN WINE & SPIRITS OF MARYLAND,0.0,1.0,0.07407407407407407,2.0,0.0,2.55,0.28925925925925927,7.81,0.0,1.0,0.1111111111111111,3.0
SPADA ENTERPRISES INC,0.0,0.0,0.0,0.0,0.08,0.49,0.39,1.95,0.0,0.0,0.0,0.0
SPAINS BEST BEERS INC,2.0,25.0,10.647058823529411,181.0,0.0,4.25,0.7352941176470589,12.5,0.0,4.0,0.8235294117647058,14.0
SPLINTER GROUP NAPA LLC,0.0,0.0,0.0,0.0,0.17,2.19,1.0194444444444444,18.349999999999998,0.0,12.0,1.8888888888888888,34.0
ST KILLIAN IMPORTING CO INC,0.0,82.5,45.18333333333333,1355.5,0.0,44.71,21.42166666666667,642.6500000000001,13.0,44.0,24.765333333333334,742.96
ST RICE WINE INC,14.0,106.0,44.111111111111114,397.0,0.58,10.33,2.758888888888889,24.830000000000002,0.0,13.0,2.6666666666666665,24.0
STARR HILL BREWERY LLC,0.0,170.0,27.608823529411765,2346.75,0.0,32.25,3.4684705882352946,294.82000000000005,0.0,26.0,3.8705882352941177,329.0
STE MICHELLE WINE ESTATES,0.0,164.0,12.005452898550725,6627.01,0.0,154.54,14.18271739130435,7828.860000000001,-0.08,159.84,15.679818840579717,8655.260000000004
STEFANO INCORPORATED,0.0,9.0,0.9122807017543859,208.0,0.0,13.21,1.3336403508771928,304.06999999999994,-0.17,20.0,1.4210964912280704,324.01000000000005
STELLAR IMPORTING CO LLC,0.0,0.0,0.0,0.0,0.0,3.88,1.110888888888889,49.99000000000001,0.0,6.0,1.0666666666666667,48.0
STOLI GROUP (USA) LLC,0.0,14.0,1.155898617511521,250.83,0.0,159.62,9.385898617511518,2036.7399999999996,0.0,187.0,10.085990783410137,2188.66
SUBARASHII KUDAMONO CO INC,0.0,0.0,0.0,0.0,0.08,1.36,0.3464285714285714,4.85,0.0,2.0,0.14285714285714285,2.0
SUGARLOAF MOUNTAIN SUNLIGHT VINEYARD LLC,0.0,2.0,0.15942028985507245,11.0,0.0,4.03,0.8907246376811592,61.45999999999998,-0.08,4.0,0.3466666666666667,23.92
SUGARLOAF MOUNTAIN VINEYARD LLC,0.0,0.0,0.0,0.0,0.08,0.65,0.20166666666666666,1.21,0.0,0.0,0.0,0.0
SURVILLE ENTERPRISES CORP,-2.0,35.0,3.941346153846154,1024.75,0.0,44.36,4.436884615384619,1153.5900000000008,-0.08,51.0,4.787576923076925,1244.7700000000004
SUTTER HOME WINERY INC,-7.0,541.0,27.999796954314725,22063.840000000004,-0.08,139.08,13.353565989847707,10522.609999999993,-2.0,151.0,14.224276649746194,11208.730000000001
SWEETWATER BREWING COMPANY LLC,0.0,56.0,28.772727272727273,949.5,0.0,20.5,8.872424242424243,292.79,0.0,21.0,9.787878787878787,323.0
TAP26MD LLC,1.0,23.0,3.0869565217391304,426.0,0.0,0.0,0.0,0.0,0.0,0.0,0.0,0.0
TERRAPIN BEER COMPANY,0.0,58.0,16.960227272727273,746.25,0.0,15.5,3.6761363636363638,161.75,0.0,18.0,3.6136363636363638,159.0
TESTA WINES OF THE WORLD LTD,0.0,8.0,1.1653846153846155,303.0,0.0,5.32,0.2791538461538458,72.57999999999991,-1.0,4.0,0.14007692307692307,36.42
THE BROOKLYN BREWERY CORPORATION,0.0,133.0,16.83809523809524,1768.0,0.0,37.54,4.894000000000001,513.8700000000001,0.0,38.0,5.447619047619048,572.0
THE EDRINGTON GROUP USA LLC,0.0,9.0,0.19876288659793814,57.84,0.0,121.77,9.230446735395184,2686.0599999999986,-0.83,112.0,10.028384879725087,2918.26
THE HESS COLLECTION,0.0,57.0,3.0181410256410257,470.83,0.0,48.72,3.3476923076923084,522.2400000000001,0.0,54.92,3.2521794871794873,507.34000000000003
THE RIVER WINE,0.0,5.0,1.4166666666666667,17.0,0.0,0.33,0.06083333333333333,0.73,0.0,1.0,0.08333333333333333,1.0
THE SANDY BOTTOM ENTERPRISES LLC,0.0,0.0,0.0,0.0,0.73,4.27,2.4425,9.77,1.0,16.0,6.0,24.0
THE SPANISH WINE IMPORTERS LLC,0.0,20.0,3.15,189.0,0.0,0.98,0.11683333333333336,7.010000000000002,0.0,1.0,0.15,9.0
THE TRITON COLLECTION,0.0,0.0,0.0,0.0,0.0,0.0,0.0,0.0,1.0,2.0,1.6666666666666667,5.0
THE TRITON COLLECTION INC,0.0,15.0,3.252441860465116,559.42,0.0,3.27,0.5026744186046507,86.45999999999991,-0.08,6.58,0.3987209302325581,68.58
THE VINERY LLC,0.0,17.0,2.457627118644068,145.0,0.0,4.04,0.5145762711864408,30.360000000000003,0.0,11.0,1.0169491525423728,60.0
THE WINE GROUP,-2.0,221.0,15.03038418079096,26603.78,0.0,208.25,14.552627118644086,25758.15000000003,-3.0,221.0,16.080254237288134,28462.049999999996
THE WINE SOURCE INC,0.0,28.0,9.61111111111111,173.0,0.0,0.74,0.05,0.9,0.0,0.0,0.0,0.0
THREE HENS LLC T/A TENTH HARVEST,0.0,2.0,0.4375,21.0,0.0,0.99,0.14708333333333337,7.060000000000001,0.0,2.0,0.10416666666666667,5.0
THREE STARS BREWING COMPANY LLC,1.0,98.75,17.50438596491228,1995.5,0.0,0.99,0.008684210526315789,0.99,0.0,0.0,0.0,0.0
TI BEVERAGE GROUP LTD,0.0,8.0,0.6296296296296297,34.0,0.0,4.79,0.5820370370370368,31.42999999999999,-1.83,4.0,0.29796296296296304,16.090000000000003
TRADEWINDS SPECIALTY IMPORTS LLC,0.0,45.0,3.5163681592039797,706.79,0.0,0.97,0.039950248756218915,8.030000000000001,-0.08,1.0,0.021592039800995024,4.34
TREANA WINERY LLC,0.0,14.0,2.0714285714285716,87.0,-0.08,7.32,1.8888095238095235,79.32999999999998,0.0,11.0,1.2361904761904763,51.92
TREASURY WINE ESTATES AMERICAS COMPANY,-1.0,142.0,6.949050772626932,12591.68,0.0,195.54,9.217119205298001,16701.419999999976,-2.0,211.0,9.967599337748341,18061.289999999994
TREFETHEN VINEYARDS,0.0,4.0,0.410958904109589,30.0,0.0,15.19,2.4502739726027403,178.87000000000003,-0.08,20.0,2.2250684931506846,162.42999999999998
TRI-VIN IMPORTS,-1.0,55.0,5.504713715046606,4134.040000000001,-0.83,24.21,1.3510119840213068,1014.6100000000015,-1.0,27.0,1.3452330226364844,1010.2699999999998
TRICANA SHIPPERS & IMPORT,-1.0,19.0,1.190974025974026,183.41,0.0,8.4,0.5275324675324673,81.23999999999997,-0.08,5.0,0.3761688311688312,57.93000000000001
UNITED STATES BEVERAGE,0.0,96.0,74.775,747.75,0.0,25.0,16.849,168.49,11.0,24.0,18.7,187.0
UNITED STATES DISTILLED PRODUCTS,-1.0,87.0,1.5720750000000001,628.83,0.0,43.45,5.334150000000002,2133.6600000000008,-0.5,60.0,5.60105,2240.42
URUGUAY IMPORTS LTD,0.0,0.0,0.0,0.0,0.24,0.24,0.24,0.24,0.0,0.0,0.0,0.0
USA WINE IMPORTS,0.0,0.0,0.0,0.0,0.08,0.24,0.13,0.65,0.0,0.0,0.0,0.0
USA WINE WEST LLC,0.0,4.0,1.5,21.0,0.0,0.81,0.35428571428571437,4.960000000000001,0.0,3.0,0.35714285714285715,5.0
VIGNOBLES LVDH USA INC,0.0,22.0,2.4133333333333336,905.0,0.0,16.58,0.4643999999999999,174.14999999999998,-0.08,21.0,0.3969066666666667,148.84
VIN DIVINO LTD,0.0,1.0,0.1,1.0,0.0,10.31,5.203,52.03,-0.08,25.0,7.0920000000000005,70.92
VINIFERA DISTRIBUTING OF MARYLAND INC,0.0,0.0,0.0,0.0,0.42,0.42,0.42,0.42,0.0,0.0,0.0,0.0
VINTAGE POINT LLC,0.0,37.0,6.7,201.0,0.0,4.0,0.43600000000000005,13.080000000000002,0.0,4.0,0.36666666666666664,11.0
VINTAGE VIRGINIA APPLES,0.0,0.0,0.0,0.0,0.0,0.08,0.05333333333333334,0.16,-0.5,0.0,-0.16666666666666666,-0.5
VINTAGE WINE ESTATES INC,0.0,12.0,1.7095238095238094,359.0,0.0,18.67,3.2168571428571417,675.5399999999997,-6.0,35.0,2.665142857142857,559.68
VINTAGE WINES INC,0.0,11.0,1.2653061224489797,62.0,0.0,9.11,0.38632653061224487,18.93,0.0,2.0,0.061224489795918366,3.0
VINTURE WINE COMPANY LLC,0.0,10.0,2.0357142857142856,57.0,0.0,0.99,0.22642857142857145,6.340000000000001,0.0,2.0,0.2857142857142857,8.0
VINTUS LLC,0.0,0.0,0.0,0.0,0.0,6.79,1.6673684210526316,31.68,0.0,4.0,0.8947368421052632,17.0
VOLUBILIS IMPORTS INC,0.0,0.0,0.0,0.0,0.08,0.08,0.08,0.24,0.0,0.0,0.0,0.0
WAGNER WINE COMPANY LLC,-2.0,39.0,2.767317073170732,226.92000000000002,0.0,10.47,2.005731707317073,164.46999999999997,-4.0,15.0,1.7663414634146342,144.84
WARSTEINER IMPORTERS,0.0,86.0,34.37777777777778,1547.0,0.0,42.0,12.460666666666667,560.73,0.0,50.0,14.28888888888889,643.0
WASHBURN WINE CO,-1.0,10.0,1.5004038004750595,631.6700000000001,0.0,3.2,0.1614489311163896,67.97000000000003,-0.17,8.0,0.16824228028503563,70.83
WEIN-BAUER INC,0.0,0.0,0.0,0.0,0.08,0.33,0.19000000000000003,0.5700000000000001,0.0,0.0,0.0,0.0
WESTERN SPIRITS BEVERAGE COMPANY LLC,0.0,3.0,0.08,14.0,0.0,32.73,4.410171428571428,771.7799999999999,-0.17,29.0,4.014971428571429,702.6200000000001
WETTEN IMPORTERS INC,1.0,6.0,2.1818181818181817,24.0,0.0,0.0,0.0,0.0,0.0,0.0,0.0,0.0
WHITE ROCK DISTILLERS INC,0.0,0.0,0.0,0.0,0.16,0.16,0.16,0.32,0.0,0.0,0.0,0.0
WI INC,0.0,105.0,35.71272727272728,392.84000000000003,0.0,24.17,11.261818181818184,123.88000000000001,0.0,33.0,13.181818181818182,145.0
WILLIAM GRANT AND SONS INC,-1.0,28.0,0.9744444444444443,692.8299999999999,0.0,144.77,15.209184247538673,10813.729999999996,-0.17,166.0,16.737341772151897,11900.249999999998
WILLIAM HARRISON IMPORTS,0.0,4.0,0.424,53.0,0.0,4.23,0.30287999999999976,37.85999999999997,-0.83,6.0,0.13736,17.17
WILLIAMS CORNER WINE,0.0,15.0,4.052631578947368,77.0,0.0,0.16,0.016842105263157894,0.32,0.0,0.0,0.0,0.0
WILSON DANIELS LTD,0.0,6.0,0.2,20.0,0.0,27.55,4.458799999999999,445.87999999999994,-1.0,45.0,4.8408,484.08
WINE BRIDGE IMPORTS INC,-1.0,17.0,2.941395348837209,505.91999999999996,0.0,17.0,0.8747674418604648,150.45999999999995,0.0,26.0,1.0330232558139534,177.67999999999998
WINEBOW INC,0.0,0.0,0.0,0.0,0.08,0.5,0.17714285714285719,1.2400000000000002,-1.0,0.0,-0.22571428571428573,-1.58
YOUNG WON TRADING INC,-1.0,44.0,3.2715394566623552,2528.9000000000005,-0.42,55.45,1.369534282018112,1058.6500000000005,-0.5,53.0,1.3549805950840879,1047.3999999999999
YUENGLING BREWERY,-1.0,1775.0,322.1875449101796,53805.32,0.0,642.57,57.65479041916167,9628.349999999999,0.0,711.96,64.97706586826348,10851.17
Z WINE GALLERY IMPORTS LLC,0.0,3.0,0.5333333333333333,16.0,0.0,2.24,0.29433333333333334,8.83,0.0,2.0,0.375,11.25
ZURENA LLC,0.0,0.0,0.0,0.0,0.0,4.87,1.7944444444444447,16.150000000000002,-0.33,11.0,2.296666666666667,20.67
